,0,12,24,48,72
B_Gene5_rep1,0.0,0.0,0.0,0.0,0.0
B_Gene5_rep2,0.0,0.0,0.0,0.0,0.0
B_Gene5_rep3,0.0,0.0,0.0,0.0,0.0
A_Gene238_rep1,0.0,0.0,0.0,0.0,0.0
A_Gene238_rep2,0.0,0.0,0.0,0.0,0.0
A_Gene238_rep3,0.0,0.0,0.0,0.0,0.0
B_Gene116_rep1,0.0,0.0,0.0,0.0,0.0
B_Gene116_rep2,0.0,0.0,0.0,0.0,0.0
B_Gene116_rep3,0.0,0.0,0.0,0.0,0.0
B_Gene39_rep1,0.0,0.0,0.0,0.0,0.0
B_Gene39_rep2,0.0,0.0,0.0,0.0,0.0
B_Gene39_rep3,0.0,0.0,0.0,0.0,0.0
A_Gene310_rep1,0.0,0.0,0.0,0.0,0.0
A_Gene310_rep2,0.0,0.0,0.0,0.0,0.0
A_Gene310_rep3,0.0,0.0,0.0,0.0,0.0
B_Gene11_rep1,0.0,0.0,0.0,0.0,0.0
B_Gene11_rep2,0.0,0.0,0.0,0.0,0.0
B_Gene11_rep3,0.0,0.0,0.0,0.0,0.0
A_Gene103_rep1,0.0,0.0,0.0,0.0,0.0
A_Gene103_rep2,0.0,0.0,0.0,0.0,0.0
A_Gene103_rep3,0.0,0.0,0.0,0.0,0.0
B_Gene37_rep1,0.0,0.0,0.0,0.0,0.0
B_Gene37_rep2,0.0,0.0,0.0,0.0,0.0
B_Gene37_rep3,0.0,0.0,0.0,0.0,0.0
A_Gene160_rep1,0.0,0.0,0.0,0.0,0.0
A_Gene160_rep2,0.0,0.0,0.0,0.0,0.0
A_Gene160_rep3,0.0,0.0,0.0,0.0,0.0
A_Gene307_rep1,0.0,0.0,0.0,0.0,0.0
A_Gene307_rep2,0.0,0.0,0.0,0.0,0.0
A_Gene307_rep3,0.0,0.0,0.0,0.0,0.0
A_Gene95_rep1,0.0,0.0,0.0,0.0,0.0
A_Gene95_rep2,0.0,0.0,0.0,0.0,0.0
A_Gene95_rep3,0.0,0.0,0.0,0.0,0.0
A_Gene68_rep1,0.0,0.0,0.0,0.0,0.0
A_Gene68_rep2,0.0,0.0,0.0,0.0,0.0
A_Gene68_rep3,0.0,0.0,0.0,0.0,0.0
A_Gene413_rep1,0.0,0.0,0.0,0.0,0.0
A_Gene413_rep2,0.0,0.0,0.0,0.0,0.0
A_Gene413_rep3,0.0,0.0,0.0,0.0,0.0
B_Gene395_rep1,0.0,0.0,0.0,0.0,0.0
B_Gene395_rep2,0.0,0.0,0.0,0.0,0.0
B_Gene395_rep3,0.0,0.0,0.0,0.0,0.0
A_Gene295_rep1,0.0,0.0,0.0,0.0,0.0
A_Gene295_rep2,0.0,0.0,0.0,0.0,0.0
A_Gene295_rep3,0.0,0.0,0.0,0.0,0.0
A_Gene342_rep1,0.0,0.0,0.0,0.0,0.0
A_Gene342_rep2,0.0,0.0,0.0,0.0,0.0
A_Gene342_rep3,0.0,0.0,0.0,0.0,0.0
B_Gene133_rep1,0.0,0.0,0.0,0.0,0.0
B_Gene133_rep2,0.0,0.0,0.0,0.0,0.0
B_Gene133_rep3,0.0,0.0,0.0,0.0,0.0
A_Gene112_rep1,0.0,0.0,0.0,0.0,0.0
A_Gene112_rep2,0.0,0.0,0.0,0.0,0.0
A_Gene112_rep3,0.0,0.0,0.0,0.0,0.0
B_Gene462_rep1,0.0,0.0,0.0,0.0,0.0
B_Gene462_rep2,0.0,0.0,0.0,0.0,0.0
B_Gene462_rep3,0.0,0.0,0.0,0.0,0.0
A_Gene364_rep1,0.0,0.0,0.0,0.0,0.0
A_Gene364_rep2,0.0,0.0,0.0,0.0,0.0
A_Gene364_rep3,0.0,0.0,0.0,0.0,0.0
B_Gene307_rep1,0.0,0.0,0.0,0.0,0.0
B_Gene307_rep2,0.0,0.0,0.0,0.0,0.0
B_Gene307_rep3,0.0,0.0,0.0,0.0,0.0
A_Gene53_rep1,0.0,0.0,0.0,0.0,0.0
A_Gene53_rep2,0.0,0.0,0.0,0.0,0.0
A_Gene53_rep3,0.0,0.0,0.0,0.0,0.0
A_Gene52_rep1,0.0,0.0,0.0,0.0,0.0
A_Gene52_rep2,0.0,0.0,0.0,0.0,0.0
A_Gene52_rep3,0.0,0.0,0.0,0.0,0.0
A_Gene355_rep1,0.0,0.0,0.0,0.0,0.0
A_Gene355_rep2,0.0,0.0,0.0,0.0,0.0
A_Gene355_rep3,0.0,0.0,0.0,0.0,0.0
B_Gene444_rep1,0.0,0.0,0.0,0.0,0.0
B_Gene444_rep2,0.0,0.0,0.0,0.0,0.0
B_Gene444_rep3,0.0,0.0,0.0,0.0,0.0
B_Gene467_rep1,0.057508036594665565,0.0,0.0,0.0,0.0
B_Gene467_rep2,0.040307988653537005,0.0,0.0,0.0,0.0
B_Gene467_rep3,0.0,0.0,0.0,0.0,0.0
A_Gene264_rep1,0.0,0.0,0.0,0.0,0.0
A_Gene264_rep2,0.0,0.0,0.0,0.02290040211007883,0.0
A_Gene264_rep3,0.0,0.0,0.05797006863732995,0.0,0.0
B_Gene8_rep1,0.0,0.0,0.0,0.0,0.0
B_Gene8_rep2,0.0,0.0,0.0,0.0,0.0
B_Gene8_rep3,0.0,0.11058596741194354,0.0,0.0,0.0
B_Gene363_rep1,0.0,0.0,0.0,0.0,0.0
B_Gene363_rep2,0.0,0.0,0.0,0.0,0.0
B_Gene363_rep3,0.0,0.0,0.0,0.0,0.0
B_Gene30_rep1,0.0,0.0,0.0,0.0,0.0
B_Gene30_rep2,0.0,0.0,0.0,0.0,0.0
B_Gene30_rep3,0.0,0.0,0.0,0.0,0.0
A_Gene323_rep1,0.0,0.0,0.0,0.0,0.0
A_Gene323_rep2,0.0,0.0,0.0,0.0,0.0
A_Gene323_rep3,0.0,0.0,0.0,0.0,0.0
A_Gene59_rep1,0.0,0.0,0.0,0.0,0.0
A_Gene59_rep2,0.0,0.0,0.0,0.0,0.0
A_Gene59_rep3,0.0,0.0,0.0,0.0,0.0
B_Gene109_rep1,0.0,0.0,0.08133962745193878,0.06304267908933701,0.0
B_Gene109_rep2,0.0,0.0,0.0,0.0,0.0
B_Gene109_rep3,0.0,0.0,0.0,0.0,0.0
A_Gene455_rep1,0.0,0.0,0.0,0.0,0.0
A_Gene455_rep2,0.0,0.0,0.0,0.0,0.0
A_Gene455_rep3,0.0,0.0,0.0,0.0,0.0
A_Gene390_rep1,0.0,0.0,0.0,0.0,0.0
A_Gene390_rep2,0.0,0.0,0.0,0.0,0.0
A_Gene390_rep3,0.0,0.0,0.0,0.0,0.0
B_Gene4_rep1,0.0,0.0,0.0,0.0,0.0
B_Gene4_rep2,0.0,0.0,0.0,0.0,0.0
B_Gene4_rep3,0.0,0.0,0.0,0.0,0.0
A_Gene369_rep1,0.0,0.0,0.0,0.0,0.0
A_Gene369_rep2,0.0,0.0,0.0,0.0,0.0
A_Gene369_rep3,0.0,0.0,0.0,0.0,0.0
A_Gene448_rep1,0.0,0.0,0.0,0.0,0.0
A_Gene448_rep2,0.0,0.0,0.0,0.0,0.0
A_Gene448_rep3,0.0,0.0,0.0,0.0,0.0
A_Gene106_rep1,0.0,0.0,0.0,0.0,0.0
A_Gene106_rep2,0.0,0.0,0.0,0.0,0.0
A_Gene106_rep3,0.0,0.0,0.0,0.0,0.0
B_Gene33_rep1,0.0,0.0,0.0,0.0,0.0
B_Gene33_rep2,0.0,0.0,0.0,0.0,0.0
B_Gene33_rep3,0.03656194295030163,0.0,0.0,0.0,0.0
A_Gene202_rep1,0.0,0.0,0.0,0.0,0.0
A_Gene202_rep2,0.0,0.0,0.0,0.0,0.0
A_Gene202_rep3,0.0,0.0,0.0,0.0,0.0
B_Gene2_rep1,0.0,0.0,0.0,0.0,0.0
B_Gene2_rep2,0.0,0.0,0.0,0.0,0.0
B_Gene2_rep3,0.0,0.0,0.0,0.0,0.0
B_Gene182_rep1,0.0,0.0,0.0,0.0,0.0
B_Gene182_rep2,0.0,0.0,0.0,0.0,0.0
B_Gene182_rep3,0.0,0.0,0.0,0.0,0.0
B_Gene493_rep1,0.0,0.0,0.0,0.0,0.0
B_Gene493_rep2,0.0,0.0,0.0,0.0,0.0
B_Gene493_rep3,0.0,0.0,0.0,0.0,0.0
B_Gene298_rep1,0.0,0.0,0.0,0.0,0.0
B_Gene298_rep2,0.0,0.0,0.0,0.0,0.0
B_Gene298_rep3,0.0,0.0,0.0,0.0,0.0
B_Gene304_rep1,0.0,0.0,0.0,0.0,0.0
B_Gene304_rep2,0.0,0.0,0.0,0.0,0.0
B_Gene304_rep3,0.0,0.0,0.0,0.0,0.0
B_Gene484_rep1,0.0,0.0,0.0,0.4953540596455584,0.0
B_Gene484_rep2,0.0,0.0,0.0,0.0,0.0
B_Gene484_rep3,0.0,0.0,0.0,0.0,0.0
B_Gene51_rep1,0.0,0.0,0.0,0.0,0.0
B_Gene51_rep2,0.0,0.0,0.0,0.0,0.0
B_Gene51_rep3,0.0,0.0,0.0,0.0,0.0
B_Gene264_rep1,0.0,0.0,0.0,0.0,0.10254615999957173
B_Gene264_rep2,0.0,0.0,0.0,0.0,0.0
B_Gene264_rep3,0.0,0.0,0.029511782116544538,0.0,0.0038420662943940437
A_Gene6_rep1,0.0,0.0,0.0,0.0,0.0
A_Gene6_rep2,0.0,0.0,0.0,0.0,0.0
A_Gene6_rep3,0.0,0.0,0.0,0.0,0.0
B_Gene59_rep1,0.0,0.0,0.0,0.0,0.0
B_Gene59_rep2,0.0,0.0,0.0,0.0,0.0
B_Gene59_rep3,0.0,0.0,0.0,0.0,0.0
B_Gene335_rep1,0.0,0.0,0.0,0.0,0.0
B_Gene335_rep2,0.0,0.0,0.0,0.0,0.0
B_Gene335_rep3,0.0,0.0,0.0,0.0,0.0
B_Gene464_rep1,0.0,0.0,0.0,0.0,0.0
B_Gene464_rep2,0.0,0.0,0.0,0.0,0.0
B_Gene464_rep3,0.0,0.0,0.0,0.0,0.0
B_Gene23_rep1,0.0,0.0,0.0,0.0,0.0
B_Gene23_rep2,0.0,0.0,0.0,0.0,0.0
B_Gene23_rep3,0.0,0.0,0.0,0.0,0.0
B_Gene225_rep1,0.0,0.0,0.0,0.0,0.0
B_Gene225_rep2,0.0,0.0,0.0,0.0,0.0
B_Gene225_rep3,0.0,0.0,0.0,0.0,0.0
B_Gene200_rep1,0.0,0.0,0.12344548276244012,0.0,0.0
B_Gene200_rep2,0.0,0.0,0.0,0.0,0.0
B_Gene200_rep3,0.0,0.0,0.0,0.0,0.0
A_Gene123_rep1,0.0,0.0,0.0,0.0,0.0
A_Gene123_rep2,0.0,0.0,0.0,0.0,0.0
A_Gene123_rep3,0.0,0.0,0.0,0.0,0.0
B_Gene140_rep1,0.0,0.0,0.0,0.0,0.0
B_Gene140_rep2,0.0,0.0,0.0,0.0,0.0
B_Gene140_rep3,0.0,0.0,0.0,0.0,0.0
B_Gene221_rep1,0.0,0.0,0.0,0.0,0.0
B_Gene221_rep2,0.0,0.0,0.0,0.0,0.0
B_Gene221_rep3,0.0,0.0,0.0,0.0,0.0
A_Gene439_rep1,0.0,0.0,0.0,0.0,0.0
A_Gene439_rep2,0.0,0.0,0.0,0.0,0.0
A_Gene439_rep3,0.0,0.0,0.0,0.0,0.0
B_Gene282_rep1,0.0,0.0,0.0,0.0,0.0
B_Gene282_rep2,0.0,0.0,0.0,0.0,0.0
B_Gene282_rep3,0.0,0.0,0.0,0.0,0.0
A_Gene373_rep1,0.0,0.0,0.0,0.0,0.0
A_Gene373_rep2,0.0,0.0,0.0,0.0,0.0
A_Gene373_rep3,0.0,0.0,0.0,0.0,0.0
B_Gene206_rep1,0.0,0.0,0.0,0.0,0.0
B_Gene206_rep2,0.0,0.0,0.0,0.0,0.0
B_Gene206_rep3,0.0,0.0,0.0,0.0,0.0
A_Gene388_rep1,0.0,0.0,0.0,0.0,0.0
A_Gene388_rep2,0.0,0.0,0.0,0.0,0.0
A_Gene388_rep3,0.0,0.0,0.0,0.0,0.0
A_Gene347_rep1,0.0,0.0,0.0,0.0,0.0
A_Gene347_rep2,0.0,0.0,0.0,0.0,0.0
A_Gene347_rep3,0.0,0.0,0.0,0.0,0.0
B_Gene347_rep1,0.0,0.0,0.0,0.0,0.0
B_Gene347_rep2,0.0,0.0,0.0,0.0,0.0
B_Gene347_rep3,0.0,0.0,0.0,0.0,0.0
B_Gene468_rep1,0.0,0.0,0.0,0.0,0.0
B_Gene468_rep2,0.0,0.0,0.0,0.0,0.0
B_Gene468_rep3,0.0,0.0,0.0,0.0,0.0
B_Gene398_rep1,0.0,0.0,0.0,0.0,0.0
B_Gene398_rep2,0.0,0.0,0.0,0.0,0.0
B_Gene398_rep3,0.0,0.0,0.0,0.0,0.0
B_Gene489_rep1,0.0,0.0,0.0,0.0,0.0
B_Gene489_rep2,0.0,0.0,0.0,0.0,0.0
B_Gene489_rep3,0.0,0.0,0.0,0.0,0.0
A_Gene424_rep1,0.0,0.0,0.0,0.0,0.0
A_Gene424_rep2,0.0,0.0,0.0,0.0,0.0
A_Gene424_rep3,0.0,0.0,0.0,0.0,0.0
A_Gene484_rep1,0.0,0.0,0.0,0.0,0.0
A_Gene484_rep2,0.0,0.0,0.0,0.0,0.0
A_Gene484_rep3,0.0,0.0,0.0,0.0,0.0
A_Gene88_rep1,0.0,0.0,0.0,0.0,0.0
A_Gene88_rep2,0.0,0.0,0.0,0.0,0.0
A_Gene88_rep3,0.0,0.0,0.0,0.0,0.0
B_Gene217_rep1,0.0,0.0,0.0,0.0,0.0
B_Gene217_rep2,0.0,0.0,0.0,0.0,0.0
B_Gene217_rep3,0.0,0.0,0.0,0.0,0.0
B_Gene295_rep1,0.0,0.0,0.0,0.0,0.0
B_Gene295_rep2,0.0,0.0,0.0,0.0,0.0
B_Gene295_rep3,0.0,0.0,0.0,0.0,0.0
B_Gene14_rep1,0.0,0.0,0.0,0.0,0.0
B_Gene14_rep2,0.0,0.0,0.0,0.0,0.0
B_Gene14_rep3,0.0,0.0,0.0,0.0,0.0
B_Gene272_rep1,0.0,0.0,0.0,0.0,0.0
B_Gene272_rep2,0.0,0.0,0.0,0.0,0.0
B_Gene272_rep3,0.0,0.0,0.0,0.0,0.0062381722112198786
B_Gene107_rep1,0.0,0.0,0.0,0.0,0.0
B_Gene107_rep2,0.0,0.0,0.0,0.0,0.0
B_Gene107_rep3,0.0,0.0,0.0,0.0,0.0
A_Gene300_rep1,0.0,0.0,0.0,0.0,0.0
A_Gene300_rep2,0.0,0.0,0.0,0.0,0.0
A_Gene300_rep3,0.0,0.0,0.0,0.0,0.0
A_Gene367_rep1,0.0,0.0,0.0,0.0,0.0
A_Gene367_rep2,0.0,0.0,0.0,0.0,0.0
A_Gene367_rep3,0.0,0.0,0.0,0.0,0.0
B_Gene53_rep1,0.0,0.0,0.0,0.0,0.0
B_Gene53_rep2,0.0,0.0,0.0,0.0,0.0
B_Gene53_rep3,0.0,0.0,0.0,0.0,0.0
B_Gene246_rep1,0.0,0.0,0.0,0.0,0.0
B_Gene246_rep2,0.0,0.0,0.0,0.0,0.0
B_Gene246_rep3,0.0,0.0,0.0,0.0,0.0
B_Gene152_rep1,0.0,0.0,0.0,0.0,0.0
B_Gene152_rep2,0.0,0.0,0.0,0.0,0.0
B_Gene152_rep3,0.0,0.0,0.0,0.0,0.0
B_Gene373_rep1,0.0,0.0,0.0,0.0,0.0
B_Gene373_rep2,0.0,0.0,0.0,0.0,0.0
B_Gene373_rep3,0.0,0.0,0.0,0.0,0.0
B_Gene382_rep1,0.0,0.0,0.0,0.0,0.0
B_Gene382_rep2,0.0,0.0,0.0,0.0,0.0
B_Gene382_rep3,0.0,0.0,0.0,0.0,0.0
A_Gene81_rep1,0.0,0.0,0.0,0.0,0.0
A_Gene81_rep2,0.0,0.0,0.0,0.0,0.0
A_Gene81_rep3,0.0,0.0,0.0,0.0,0.0
B_Gene159_rep1,0.0,0.0,0.0,0.0,0.0
B_Gene159_rep2,0.0,0.0,0.0,0.0,0.0
B_Gene159_rep3,0.0,0.0,0.0,0.0,0.0
A_Gene65_rep1,0.0,0.0,0.0,0.0,0.0
A_Gene65_rep2,0.0,0.0,0.0,0.0,0.0
A_Gene65_rep3,0.0,0.0,0.0,0.0,0.014831351401085748
B_Gene89_rep1,0.0,0.0,0.0,0.0,0.0
B_Gene89_rep2,0.0,0.0,0.0,0.0,0.0
B_Gene89_rep3,0.0,0.0,0.0,0.0,0.0
B_Gene114_rep1,0.0,0.0,0.0,0.0,0.0
B_Gene114_rep2,0.0,0.0,0.0,0.0,0.0
B_Gene114_rep3,0.0,0.0,0.0,0.0,0.0
B_Gene339_rep1,0.0,0.0,0.0,0.0,0.0
B_Gene339_rep2,0.0,0.0,0.0,0.0,0.0
B_Gene339_rep3,0.0,0.0,0.0,0.0,0.0
A_Gene303_rep1,0.0,0.0,0.0,0.0,0.0
A_Gene303_rep2,0.0,0.1379406378392928,0.0,0.0,0.0
A_Gene303_rep3,0.0,0.0,0.0,0.0,0.0
A_Gene398_rep1,0.0,0.0,0.0,0.0,0.0
A_Gene398_rep2,0.0,0.0,0.0,0.0,0.0
A_Gene398_rep3,0.0,0.0,0.0,0.0,0.0
A_Gene427_rep1,0.0,0.0,0.0,0.0,0.0
A_Gene427_rep2,0.0,0.0,0.0,0.0,0.0
A_Gene427_rep3,0.0,0.0,0.0,0.0,0.0
B_Gene108_rep1,0.0,0.0,0.0,0.0,0.0
B_Gene108_rep2,0.0,0.0,0.0,0.0,0.0
B_Gene108_rep3,0.0,0.0,0.0,0.0,0.0
B_Gene170_rep1,0.0,0.0,0.0,0.0,0.0
B_Gene170_rep2,0.0,0.0,0.0,0.0,0.0
B_Gene170_rep3,0.0,0.0,0.0,0.0,0.0
B_Gene16_rep1,0.0,0.0,0.0,0.0,0.0
B_Gene16_rep2,0.0,0.0,0.0,0.0,0.0
B_Gene16_rep3,0.0,0.0,0.0,0.0,0.0
A_Gene222_rep1,0.0,0.0,0.0,0.0,0.0
A_Gene222_rep2,0.0,0.0,0.0,0.0,0.0
A_Gene222_rep3,0.0,0.0,0.0,0.0,0.0
A_Gene444_rep1,0.0,0.0,0.0,0.0,0.0
A_Gene444_rep2,0.0,0.0,0.0,0.0,0.0
A_Gene444_rep3,0.0,0.0,0.0,0.0,0.0
B_Gene389_rep1,0.0,0.0,0.0,0.0,0.0
B_Gene389_rep2,0.0,0.0,0.0,0.007673927885421168,0.0052802073414343256
B_Gene389_rep3,0.0,0.0,0.07678709908954856,0.0,0.0
B_Gene256_rep1,0.0,0.0,0.0,0.0,0.0
B_Gene256_rep2,0.0,0.0,0.0,0.0,0.0
B_Gene256_rep3,0.0,0.0,0.0,0.0,0.0
B_Gene240_rep1,0.0,0.0,0.0,0.0,0.0
B_Gene240_rep2,0.0,0.0,0.0,0.0,0.0
B_Gene240_rep3,0.0,0.0,0.0,0.0,0.0
A_Gene395_rep1,0.0,0.0,0.0,0.0,0.0
A_Gene395_rep2,0.0,0.0,0.0,0.0,0.0
A_Gene395_rep3,0.0,0.0,0.0,0.0,0.0
B_Gene439_rep1,0.0,0.0,0.0,0.0,0.0
B_Gene439_rep2,0.0,0.0,0.0,0.0,0.0
B_Gene439_rep3,0.0,0.0,0.0,0.0,0.0
A_Gene483_rep1,0.0,0.0,0.0,0.0,0.0
A_Gene483_rep2,0.0,0.0,0.0,0.0,0.0
A_Gene483_rep3,0.0,0.0,0.0,0.0,0.0
A_Gene429_rep1,0.0,0.0,0.0,0.0,0.0
A_Gene429_rep2,0.0,0.0,0.0,0.0,0.0
A_Gene429_rep3,0.0,0.0,0.0,0.0,0.0
B_Gene160_rep1,0.0,0.1535891857990763,0.0,0.0,0.0
B_Gene160_rep2,0.0,0.0,0.0,0.0,0.0
B_Gene160_rep3,0.0,0.0,0.0,0.0,0.0
B_Gene143_rep1,0.0,0.0,0.0,0.0,0.0
B_Gene143_rep2,0.0,0.0,0.0,0.0,0.0
B_Gene143_rep3,0.0,0.0,0.0,0.0,0.0
B_Gene54_rep1,0.0,0.0,0.0,0.0,0.0
B_Gene54_rep2,0.0,0.0,0.0,0.0,0.0
B_Gene54_rep3,0.0,0.0,0.0,0.0,0.0
B_Gene138_rep1,0.0,0.0,0.0,0.0,0.0
B_Gene138_rep2,0.0,0.0,0.0,0.0,0.0
B_Gene138_rep3,0.0,0.0,0.0,0.0,0.0
A_Gene141_rep1,0.0,0.0,0.0,0.0,0.0
A_Gene141_rep2,0.0,0.0,0.0,0.0,0.0
A_Gene141_rep3,0.0,0.0,0.0,0.0,0.0
A_Gene67_rep1,0.0,0.0,0.0,0.0,0.0
A_Gene67_rep2,0.0,0.0,0.0,0.0,0.0
A_Gene67_rep3,0.08361051575473298,0.0,0.0,0.0,0.0
A_Gene269_rep1,0.0,0.0,0.0,0.0,0.0
A_Gene269_rep2,0.0,0.0,0.0,0.0,0.0
A_Gene269_rep3,0.0,0.0,0.0,0.0,0.0
A_Gene254_rep1,0.0,0.0,0.0,0.0,0.0
A_Gene254_rep2,0.0,0.0,0.0,0.0,0.0
A_Gene254_rep3,0.0,0.0,0.0,0.0,0.0
A_Gene389_rep1,0.0,0.0,0.0,0.0,0.0
A_Gene389_rep2,0.0,0.0,0.0,0.0,0.0
A_Gene389_rep3,0.0,0.0,0.0,0.0,0.04590888229141981
B_Gene425_rep1,0.0,0.0,0.0,0.0,0.0
B_Gene425_rep2,0.0,0.0,0.0,0.0,0.0
B_Gene425_rep3,0.0,0.0,0.0,0.0,0.0
B_Gene88_rep1,0.0,0.0,0.0,0.0,0.0
B_Gene88_rep2,0.0,0.0,0.0,0.0,0.0
B_Gene88_rep3,0.0,0.0,0.0,0.0,0.0
A_Gene7_rep1,0.0,0.0,0.0,0.0,0.09671164107167696
A_Gene7_rep2,0.0,0.0,0.0,0.0,0.0
A_Gene7_rep3,0.0,0.0,0.0,0.0,0.0
A_Gene306_rep1,0.0,0.0,0.0,0.0,0.0
A_Gene306_rep2,0.0,0.0,0.0,0.0,0.0
A_Gene306_rep3,0.0,0.0,0.0,0.0,0.0
A_Gene211_rep1,0.0,0.0,0.0,0.0,0.0
A_Gene211_rep2,0.0,0.0,0.06120015643673761,0.0,0.0
A_Gene211_rep3,0.0,0.0,0.04311115347498012,0.0,0.0
B_Gene390_rep1,0.0,0.0,0.0,0.0,0.0
B_Gene390_rep2,0.0,0.0,0.0,0.0,0.0
B_Gene390_rep3,0.0,0.0,0.0,0.0,0.0
B_Gene436_rep1,0.0,0.0,0.0,0.0,0.0
B_Gene436_rep2,0.0,0.0,0.0,0.0,0.0
B_Gene436_rep3,0.0,0.0,0.0,0.0,0.0
A_Gene140_rep1,0.0,0.0,0.0,0.0,0.0
A_Gene140_rep2,0.0,0.0,0.0,0.0,0.0
A_Gene140_rep3,0.0,0.0,0.0,0.0,0.0
B_Gene103_rep1,0.0,0.0,0.0,0.0,0.0
B_Gene103_rep2,0.0,0.0,0.0,0.0,0.0
B_Gene103_rep3,0.0,0.0,0.0,0.0,0.0
A_Gene415_rep1,0.0,0.0,0.0,0.0,0.0
A_Gene415_rep2,0.0,0.0,0.0,0.0,0.0
A_Gene415_rep3,0.0,0.0,0.0,0.0,0.0
A_Gene49_rep1,0.0,0.0,0.0,0.0,0.0
A_Gene49_rep2,0.0,0.0,0.0,0.0,0.0
A_Gene49_rep3,0.0,0.0,0.0,0.0,0.0
A_Gene71_rep1,0.0,0.0,0.0,0.0,0.0
A_Gene71_rep2,0.0,0.0,0.0,0.0,0.0
A_Gene71_rep3,0.0,0.0,0.0,0.0,0.0
A_Gene210_rep1,0.0,0.0,0.0,0.0,0.0
A_Gene210_rep2,0.0,0.0,0.0,0.0,0.0
A_Gene210_rep3,0.0,0.0,0.0,0.0,0.0
B_Gene48_rep1,0.0,0.0,0.0,0.0,0.0
B_Gene48_rep2,0.0,0.0,0.0,0.0,0.0
B_Gene48_rep3,0.0,0.0,0.0,0.0,0.0
A_Gene489_rep1,0.0,0.0,0.0,0.0,0.0
A_Gene489_rep2,0.0,0.0,0.0,0.0,0.0
A_Gene489_rep3,0.0,0.0,0.0,0.0,0.0
A_Gene64_rep1,0.0,0.0,0.0,0.0,0.0
A_Gene64_rep2,0.0,0.0,0.0,0.0,0.0
A_Gene64_rep3,0.0,0.0,0.0,0.0,0.0
A_Gene383_rep1,0.0,0.0,0.0,0.0,0.0
A_Gene383_rep2,0.0,0.0,0.0,0.0,0.0
A_Gene383_rep3,0.0,0.0,0.0,0.0,0.0
A_Gene170_rep1,0.0,0.0,0.0,0.0,0.0
A_Gene170_rep2,0.0,0.0,0.0,0.0,0.0
A_Gene170_rep3,0.0,0.0,0.0,0.0,0.0
B_Gene178_rep1,0.0,0.0,0.0,0.0,0.0
B_Gene178_rep2,0.0,0.0,0.0,0.0,0.0
B_Gene178_rep3,0.0,0.0,0.0,0.0,0.0
A_Gene51_rep1,0.0,0.0,0.0,0.0,0.0
A_Gene51_rep2,0.0,0.0,0.0,0.0,0.0
A_Gene51_rep3,0.0,0.0,0.0,0.0,0.0
A_Gene421_rep1,0.0,0.0,0.0,0.0,0.0
A_Gene421_rep2,0.0,0.0,0.0,0.0,0.0
A_Gene421_rep3,0.0,0.0,0.0,0.0,0.0
A_Gene114_rep1,0.0,0.0,0.0,0.0,0.0
A_Gene114_rep2,0.0,0.0,0.0,0.0,0.0
A_Gene114_rep3,0.0,0.0,0.0,0.0,0.0
B_Gene255_rep1,0.0,0.0,0.0,0.0,0.0
B_Gene255_rep2,0.0,0.0,0.0,0.0,0.0
B_Gene255_rep3,0.0,0.0,0.0,0.0,0.0
A_Gene494_rep1,0.0,0.0,0.0,0.0,0.0
A_Gene494_rep2,0.0,0.0,0.0,0.0,0.0
A_Gene494_rep3,0.0,0.0,0.0,0.0,0.0
A_Gene246_rep1,0.0,0.0,0.0,0.0,0.0
A_Gene246_rep2,0.0,0.0,0.0,0.0,0.0
A_Gene246_rep3,0.0,0.0,0.0,0.0,0.0
B_Gene132_rep1,0.0,0.0,0.0,0.0,0.0
B_Gene132_rep2,0.0,0.0,0.0,0.0,0.0
B_Gene132_rep3,0.0,0.0,0.0,0.035154664307528005,0.0
B_Gene222_rep1,0.0,0.0,0.0,0.0,0.0
B_Gene222_rep2,0.0,0.0,0.0,0.0,0.0
B_Gene222_rep3,0.0,0.0,0.0,0.0,0.0
A_Gene16_rep1,0.0,0.0,0.0,0.0,0.0
A_Gene16_rep2,0.0,0.0,0.0,0.0,0.0
A_Gene16_rep3,0.0,0.0,0.0,0.0,0.0
B_Gene28_rep1,0.0,0.0,0.0,0.0,0.0
B_Gene28_rep2,0.0,0.0,0.0,0.0,0.0
B_Gene28_rep3,0.0,0.0,0.0,0.0,0.0
A_Gene179_rep1,0.0,0.0,0.0,0.0,0.0
A_Gene179_rep2,0.0,0.0,0.0,0.0,0.0
A_Gene179_rep3,0.0,0.0,0.0,0.0,0.0
B_Gene391_rep1,0.0,0.06534252819887196,0.0,0.0,0.0
B_Gene391_rep2,0.0,0.08088502053439461,0.0,0.0,0.0
B_Gene391_rep3,0.0,0.0,0.0,0.0,0.0
B_Gene412_rep1,0.0,0.0,0.0,0.0,0.0
B_Gene412_rep2,0.0,0.0,0.0,0.0,0.0
B_Gene412_rep3,0.0,0.0,0.0,0.0,0.0
B_Gene375_rep1,0.0,0.0,0.0,0.0,0.0
B_Gene375_rep2,0.0,0.0,0.0,0.0,0.0
B_Gene375_rep3,0.0,0.0,0.0,0.0,0.0
B_Gene414_rep1,0.0,0.0,0.0,0.0,0.0
B_Gene414_rep2,0.0,0.0,0.0,0.0,0.0
B_Gene414_rep3,0.0,0.0,0.0,0.0,0.0
A_Gene15_rep1,0.0,0.0,0.0,0.0,0.0
A_Gene15_rep2,0.0,0.0,0.0,0.0,0.0
A_Gene15_rep3,0.0,0.0,0.0,0.0,0.0
B_Gene130_rep1,0.0,0.0,0.0,0.0,0.0
B_Gene130_rep2,0.0,0.0,0.0,0.0,0.0
B_Gene130_rep3,0.0,0.0,0.0,0.0,0.0
A_Gene187_rep1,0.0,0.0,0.0,0.0,0.06166100775542682
A_Gene187_rep2,0.0,0.052879559602948864,0.0,0.0,0.0
A_Gene187_rep3,0.0,0.0,0.0,0.0,0.0
B_Gene364_rep1,0.0,0.0,0.0,0.0,0.0
B_Gene364_rep2,0.0,0.0,0.0,0.0,0.0
B_Gene364_rep3,0.0,0.0,0.0,0.0,0.0
A_Gene54_rep1,0.0,0.0,0.0,0.0,0.0
A_Gene54_rep2,0.0,0.0,0.0,0.0,0.0
A_Gene54_rep3,0.0,0.0,0.0,0.0,0.0
A_Gene153_rep1,0.0,0.0,0.0,0.0,0.0
A_Gene153_rep2,0.0,0.0,0.0,0.0,0.0
A_Gene153_rep3,0.0,0.0,0.0,0.0,0.0
A_Gene85_rep1,0.0,0.0,0.0,0.0,0.0
A_Gene85_rep2,0.0,0.0,0.0,0.0,0.0
A_Gene85_rep3,0.0,0.0,0.0,0.0,0.0
B_Gene387_rep1,0.0,0.0,0.0,0.0,0.0
B_Gene387_rep2,0.0,0.0,0.0,0.0,0.0
B_Gene387_rep3,0.0,0.0,0.0,0.0,0.0
A_Gene155_rep1,0.0,0.0,0.0,0.0,0.0
A_Gene155_rep2,0.0,0.0,0.0,0.0,0.0
A_Gene155_rep3,0.0,0.0,0.0,0.0,0.0
A_Gene227_rep1,0.0,0.0,0.0,0.0,0.0
A_Gene227_rep2,0.0,0.0,0.0,0.0,0.0
A_Gene227_rep3,0.0,0.0,0.0,0.0,0.0
B_Gene316_rep1,0.0,0.0,0.0,0.0,0.0
B_Gene316_rep2,0.0,0.0,0.0,0.0,0.0
B_Gene316_rep3,0.0,0.0,0.0,0.0,0.0
B_Gene476_rep1,0.0,0.0,0.0,0.0,0.0
B_Gene476_rep2,0.0,0.0,0.0,0.0,0.0
B_Gene476_rep3,0.0,0.0,0.0,0.0,0.0
B_Gene249_rep1,0.0,0.0,0.0,0.0,0.0
B_Gene249_rep2,0.0,0.0,0.0,0.0,0.0
B_Gene249_rep3,0.0,0.0,0.0,0.0,0.0
B_Gene99_rep1,0.0,0.0,0.0,0.0,0.0
B_Gene99_rep2,0.0,0.0,0.0,0.0,0.0
B_Gene99_rep3,0.0,0.0,0.0,0.0,0.0
B_Gene430_rep1,0.7098787706849842,0.0,0.0,0.0,0.0
B_Gene430_rep2,0.0,0.0,0.0,0.0,0.0
B_Gene430_rep3,0.0,0.0,0.0,0.0,0.0
A_Gene2_rep1,0.0,0.0,0.0,0.0,0.0
A_Gene2_rep2,0.0,0.0,0.0,0.0,0.0
A_Gene2_rep3,0.0,0.0,0.0,0.0,0.0
A_Gene445_rep1,0.0,0.0,0.0,0.0,0.0
A_Gene445_rep2,0.0,0.0,0.0,0.0,0.0
A_Gene445_rep3,0.0,0.0,0.0,0.0,0.0
B_Gene123_rep1,0.0,0.0,0.0,0.0,0.0
B_Gene123_rep2,0.0,0.0,0.0,0.0,0.0
B_Gene123_rep3,0.0,0.0,0.0,0.0,0.0
B_Gene278_rep1,0.0,0.0,0.0,0.0,0.0
B_Gene278_rep2,0.0,0.0,0.0,0.0,0.0
B_Gene278_rep3,0.0,0.0,0.0,0.0,0.0
A_Gene102_rep1,0.0,0.0,0.0,0.0,0.0
A_Gene102_rep2,0.0,0.0,0.0,0.0,0.0
A_Gene102_rep3,0.0,0.0,0.0,0.0,0.0
A_Gene341_rep1,0.0,0.0,0.0,0.0,0.0
A_Gene341_rep2,0.0,0.0,0.0,0.0,0.0
A_Gene341_rep3,0.0,0.0,0.0,0.0,0.0
B_Gene118_rep1,0.0,0.0,0.0,0.0,0.0
B_Gene118_rep2,0.0,0.0,0.0,0.0,0.0
B_Gene118_rep3,0.0,0.0,0.0,0.0,0.0
A_Gene348_rep1,0.0,0.0,0.0,0.0,0.0
A_Gene348_rep2,0.0,0.0,0.0,0.0,0.0
A_Gene348_rep3,0.0,0.0,0.0,0.0,0.0
A_Gene449_rep1,0.0,0.0,0.0,0.0,0.0
A_Gene449_rep2,0.0,0.0,0.0,0.0,0.0
A_Gene449_rep3,0.0,0.0,0.0,0.0,0.0
A_Gene441_rep1,0.0,0.0,0.0,0.0,0.0
A_Gene441_rep2,0.0,0.0,0.0,0.0,0.0
A_Gene441_rep3,0.0,0.0,0.0,0.0,0.0
A_Gene118_rep1,0.0,0.0,0.0,0.0,0.0
A_Gene118_rep2,0.0,0.0,0.0,0.0,0.0
A_Gene118_rep3,0.0,0.0,0.0,0.0,0.0
B_Gene317_rep1,0.0,0.0,0.0,0.0,0.0
B_Gene317_rep2,0.0,0.0,0.0,0.0,0.0
B_Gene317_rep3,0.0,0.0,0.0,0.0,0.0
B_Gene227_rep1,0.0,0.0,0.0,0.0,0.0
B_Gene227_rep2,0.0,0.0,0.0,0.0,0.0
B_Gene227_rep3,0.0,0.0,0.0,0.0,0.0
A_Gene230_rep1,0.0,0.0,0.0,0.0,0.0
A_Gene230_rep2,0.0,0.0,0.0,0.0,0.0
A_Gene230_rep3,0.0,0.0,0.0,0.0,0.0
A_Gene143_rep1,0.0,0.0,0.0,0.0,0.0
A_Gene143_rep2,0.0,0.0,0.0,0.0,0.0
A_Gene143_rep3,0.0,0.0,0.0,0.0,0.0
A_Gene372_rep1,0.0,0.0,0.0,0.0,0.0
A_Gene372_rep2,0.0,0.0,0.0,0.0,0.0
A_Gene372_rep3,0.0,0.0,0.0,0.0,0.0
B_Gene254_rep1,0.0,0.0,0.0,0.0,0.0
B_Gene254_rep2,0.0,0.0,0.0,0.0,0.0
B_Gene254_rep3,0.0,0.07313470463021537,0.0,0.0,0.0
A_Gene46_rep1,0.0,0.0,0.0,0.0,0.0
A_Gene46_rep2,0.0,0.0,0.0,0.0,0.0
A_Gene46_rep3,0.0,0.0,0.0,0.0,0.0
B_Gene52_rep1,0.0,0.0,0.0,0.0,0.0
B_Gene52_rep2,0.0,0.0,0.0,0.0,0.0
B_Gene52_rep3,0.0,0.0,0.0,0.0,0.0
A_Gene275_rep1,0.0,0.0,0.0,0.0,0.0
A_Gene275_rep2,0.0,0.0,0.0,0.0,0.0
A_Gene275_rep3,0.0,0.0,0.0,0.0,0.0
B_Gene13_rep1,0.0,0.0,0.0,0.0,0.0
B_Gene13_rep2,0.0,0.0,0.0,0.0,0.0
B_Gene13_rep3,0.0,0.0,0.0,0.0,0.0
A_Gene492_rep1,0.0,0.0,0.0,0.0,0.0
A_Gene492_rep2,0.0,0.0,0.0,0.0,0.0
A_Gene492_rep3,0.0,0.0,0.0,0.0,0.0
B_Gene162_rep1,0.0,0.0,0.0,0.0,0.0
B_Gene162_rep2,0.0,0.0,0.0,0.0,0.0
B_Gene162_rep3,0.0,0.0,0.0,0.0,0.0
B_Gene499_rep1,0.0,0.0,0.0,0.0,0.0
B_Gene499_rep2,0.0,0.0,0.0,0.0,0.0
B_Gene499_rep3,0.0,0.0,0.0,0.0,0.0
A_Gene301_rep1,0.0,0.0,0.0,0.0,0.0
A_Gene301_rep2,0.0,0.0,0.0,0.0,0.0
A_Gene301_rep3,0.0,0.0,0.0,0.0,0.0
B_Gene380_rep1,0.0,0.0,0.0,0.0,0.0
B_Gene380_rep2,0.0,0.0,0.0,0.0,0.0
B_Gene380_rep3,0.0,0.0,0.0,0.0,0.0
B_Gene134_rep1,0.0,0.0,0.0,0.0,0.0
B_Gene134_rep2,0.0,0.0,0.0,0.0,0.0
B_Gene134_rep3,0.0,0.0,0.0,0.0,0.0
B_Gene224_rep1,0.0,0.0,0.0,0.0,0.0
B_Gene224_rep2,0.0,0.0,0.0,0.0,0.0
B_Gene224_rep3,0.0,0.0,0.0,0.0,0.0
A_Gene87_rep1,0.0,0.0,0.0,0.0,0.0
A_Gene87_rep2,0.0,0.0,0.0,0.0,0.0
A_Gene87_rep3,0.0,0.0,0.0,0.0,0.0
A_Gene368_rep1,0.0,0.0,0.0,0.0,0.0
A_Gene368_rep2,0.0,0.0,0.0,0.0,0.0
A_Gene368_rep3,0.0,0.0,0.0,0.0,0.0
A_Gene8_rep1,0.0,0.0,0.0,0.0,0.0
A_Gene8_rep2,0.0,0.0,0.0,0.0,0.0
A_Gene8_rep3,0.0,0.0,0.0,0.0,0.0
B_Gene199_rep1,0.0,0.0,0.0,0.0,0.0
B_Gene199_rep2,0.0,0.0,0.0,0.0,0.0
B_Gene199_rep3,0.0,0.0,0.0,0.0,0.0
B_Gene441_rep1,0.0,0.0,0.0,0.0,0.0
B_Gene441_rep2,0.0,0.0,0.0,0.0,0.0
B_Gene441_rep3,0.0,0.0,0.0,0.0,0.0
B_Gene237_rep1,0.0,0.0,0.0,0.0,0.0
B_Gene237_rep2,0.0,0.0,0.0,0.0,0.0
B_Gene237_rep3,0.0,0.0,0.0,0.0,0.0
A_Gene259_rep1,0.0,0.0,0.0,0.0,0.0
A_Gene259_rep2,0.0,0.0,0.0,0.0,0.0
A_Gene259_rep3,0.0,0.0,0.0,0.0,0.0
A_Gene136_rep1,0.0,0.0,0.0,0.0,0.0
A_Gene136_rep2,0.0,0.0,0.0,0.0,0.0
A_Gene136_rep3,0.0,0.0,0.0,0.0,0.0
A_Gene200_rep1,0.0,0.0,0.0,0.0,0.0
A_Gene200_rep2,0.0,0.0,0.0,0.0,0.0
A_Gene200_rep3,0.0,0.0,0.0,0.0,0.0
B_Gene92_rep1,0.0,0.0,0.0,0.0,0.0
B_Gene92_rep2,0.0,0.0,0.0,0.0,0.0
B_Gene92_rep3,0.0,0.0,0.0,0.0,0.0
B_Gene283_rep1,0.0,0.0,0.0,0.0,0.0
B_Gene283_rep2,0.0,0.0,0.0,0.0,0.0
B_Gene283_rep3,0.0,0.0,0.0,0.0,0.0
B_Gene22_rep1,0.0,0.0,0.0,0.0,0.0
B_Gene22_rep2,0.0,0.0,0.0,0.0,0.0
B_Gene22_rep3,0.0,0.0,0.0,0.0,0.0
A_Gene98_rep1,0.0,0.0,0.0,0.0,0.0
A_Gene98_rep2,0.0,0.0,0.0,0.02290040211007883,0.05334307608593645
A_Gene98_rep3,0.1016500760944348,0.07222015940726689,0.0,0.03421571533791299,0.0067169162145806465
A_Gene353_rep1,0.0,0.0,0.0,0.0,0.0
A_Gene353_rep2,0.0,0.0,0.0,0.0,0.0
A_Gene353_rep3,0.0,0.0,0.0,0.0,0.0
B_Gene341_rep1,0.0,0.0,0.0,0.0,0.0
B_Gene341_rep2,0.0,0.0,0.0,0.0,0.0
B_Gene341_rep3,0.0,0.0,0.0,0.0,0.0
A_Gene406_rep1,0.0,0.0,0.0,0.0,0.0
A_Gene406_rep2,0.0,0.0,0.0,0.0,0.0
A_Gene406_rep3,0.0,0.0,0.0,0.0,0.0
A_Gene134_rep1,0.0,0.0,0.0,0.0,0.0
A_Gene134_rep2,0.0,0.0,0.0,0.0,0.0
A_Gene134_rep3,0.0,0.0,0.0,0.0,0.0
A_Gene488_rep1,0.002882508533121365,0.0,0.0,0.013402704602488541,0.0
A_Gene488_rep2,0.0,0.08224841175971452,0.0,0.02290040211007883,0.0
A_Gene488_rep3,0.0,0.0,0.0,0.0,0.0
B_Gene155_rep1,0.0,0.0,0.0,0.0,0.0
B_Gene155_rep2,0.0,0.0,0.0,0.0,0.0
B_Gene155_rep3,0.0,0.0,0.0,0.0,0.0
B_Gene445_rep1,0.0,0.0,0.0,0.0,0.0
B_Gene445_rep2,0.0,0.0,0.0,0.0,0.0
B_Gene445_rep3,0.0,0.0,0.0,0.0,0.0
B_Gene343_rep1,0.0,0.0,0.0,0.0,0.0
B_Gene343_rep2,0.0,0.0,0.0,0.0,0.0
B_Gene343_rep3,0.0,0.0,0.0,0.0,0.0
A_Gene343_rep1,0.0,0.0,0.0,0.0,0.0
A_Gene343_rep2,0.0,0.0,0.0,0.0,0.0
A_Gene343_rep3,0.0,0.0,0.0,0.0,0.0
B_Gene483_rep1,0.0,0.0,0.0,0.0,0.0
B_Gene483_rep2,0.0,0.0,0.0,0.0,0.0
B_Gene483_rep3,0.0,0.0,0.0,0.0,0.0
A_Gene221_rep1,0.0,0.0,0.0,0.0,0.0
A_Gene221_rep2,0.0,0.0,0.0,0.0,0.0
A_Gene221_rep3,0.0,0.0,0.0,0.0,0.0
A_Gene371_rep1,0.0,0.05704585653596705,0.0,0.01625858486379037,0.0
A_Gene371_rep2,0.0,0.0,0.0944612973914405,0.0,0.0
A_Gene371_rep3,0.0,0.0,0.0,0.0,0.0
A_Gene193_rep1,0.0,0.0,0.0,0.0,0.0
A_Gene193_rep2,0.0,0.0,0.0,0.0,0.0
A_Gene193_rep3,0.0,0.0,0.0,0.0,0.0
B_Gene91_rep1,0.0,0.0,0.0,0.0,0.0
B_Gene91_rep2,0.0,0.0,0.0,0.0,0.0
B_Gene91_rep3,0.0,0.0,0.0,0.0,0.0
A_Gene469_rep1,0.0,0.0,0.0,0.0,0.0
A_Gene469_rep2,0.0,0.0,0.0,0.0,0.0
A_Gene469_rep3,0.0,0.0,0.0,0.0,0.0
A_Gene239_rep1,0.0,0.0,0.0,0.0,0.0
A_Gene239_rep2,0.0,0.0,0.0,0.0,0.0
A_Gene239_rep3,0.0,0.0,0.0,0.0,0.0
A_Gene365_rep1,0.0,0.0,0.0,0.0,0.0
A_Gene365_rep2,0.0,0.24123003551544536,0.0,0.0,0.0
A_Gene365_rep3,0.0,0.0,0.0,0.0,0.0
A_Gene66_rep1,0.0,0.0,0.0,0.0,0.0
A_Gene66_rep2,0.0,0.0,0.0,0.0,0.0
A_Gene66_rep3,0.0,0.0,0.0,0.0,0.0
A_Gene92_rep1,0.0,0.0,0.0,0.0,0.0
A_Gene92_rep2,0.0,0.0,0.0,0.0,0.0
A_Gene92_rep3,0.0,0.0,0.0,0.0,0.0
B_Gene64_rep1,0.0,0.0,0.0,0.0,0.0
B_Gene64_rep2,0.0,0.0,0.0,0.0,0.0
B_Gene64_rep3,0.0,0.0,0.0,0.0,0.0
A_Gene225_rep1,0.0,0.0,0.0,0.0,0.0
A_Gene225_rep2,0.0,0.0,0.0,0.0,0.0
A_Gene225_rep3,0.0,0.0,0.0,0.0,0.0
B_Gene349_rep1,0.0,0.0,0.0,0.0,0.0
B_Gene349_rep2,0.0,0.0,0.0,0.0,0.0
B_Gene349_rep3,0.01863417413905097,0.0,0.0,0.0,0.0
A_Gene487_rep1,0.0,0.0,0.0,0.0,0.0
A_Gene487_rep2,0.0,0.0,0.0,0.0,0.0
A_Gene487_rep3,0.0,0.0,0.0,0.0,0.0
B_Gene362_rep1,0.0,0.0,0.0,0.0,0.0
B_Gene362_rep2,0.0,0.0,0.0,0.0,0.0
B_Gene362_rep3,0.0,0.0,0.0,0.3246186152585277,0.0
A_Gene324_rep1,0.0,0.0,0.0,0.0,0.0
A_Gene324_rep2,0.0,0.0,0.0,0.0,0.0
A_Gene324_rep3,0.0,0.0,0.0,0.0,0.0
A_Gene9_rep1,0.0,0.0,0.0,0.0,0.0
A_Gene9_rep2,0.0,0.0,0.0,0.0,0.0
A_Gene9_rep3,0.0,0.0,0.0,0.0,0.0
B_Gene71_rep1,0.0,0.0,0.0,0.0,0.0
B_Gene71_rep2,0.0,0.0,0.0,0.0,0.0
B_Gene71_rep3,0.0,0.0,0.0,0.0,0.0
A_Gene108_rep1,0.0,0.0,0.0,0.0,0.0
A_Gene108_rep2,0.0,0.0,0.0,0.0,0.0
A_Gene108_rep3,0.0,0.0,0.0,0.0,0.0
B_Gene259_rep1,0.0,0.0,0.0,0.0,0.0
B_Gene259_rep2,0.0,0.0,0.0,0.0,0.0
B_Gene259_rep3,0.0,0.0,0.0,0.0,0.0
A_Gene291_rep1,0.0,0.0,0.0,0.0,0.0
A_Gene291_rep2,0.0,0.0,0.0,0.0,0.0
A_Gene291_rep3,0.0,0.0,0.0,0.0,0.0
A_Gene50_rep1,0.0,0.0,0.0,0.0,0.0
A_Gene50_rep2,0.0,0.0,0.0,0.0,0.0
A_Gene50_rep3,0.0,0.0,0.0,0.0,0.0
B_Gene485_rep1,0.0,0.0,0.0,0.0,0.0
B_Gene485_rep2,0.0,0.0,0.0,0.0,0.0
B_Gene485_rep3,0.0,0.0,0.0,0.0,0.0
A_Gene470_rep1,0.0,0.0,0.0,0.0,0.0
A_Gene470_rep2,0.0,0.0,0.0,0.0,0.0
A_Gene470_rep3,0.0,0.0,0.0,0.0,0.0
B_Gene497_rep1,0.0,0.0,0.0,0.0,0.0
B_Gene497_rep2,0.0,0.0,0.0,0.0,0.0
B_Gene497_rep3,0.0,0.0,0.01292617444427005,0.008152195763459078,0.0009614762374450873
A_Gene167_rep1,0.0,0.0,0.0,0.0,0.0
A_Gene167_rep2,0.0,0.0,0.0,0.0,0.0
A_Gene167_rep3,0.0,0.0,0.0,0.0,0.0
A_Gene293_rep1,0.0,0.0,0.0,0.0,0.0
A_Gene293_rep2,0.0,0.0,0.0,0.0,0.0
A_Gene293_rep3,0.0,0.0,0.24285652389616355,0.0,0.07130503407313299
B_Gene56_rep1,0.0,0.0,0.0,0.0,0.0
B_Gene56_rep2,0.0,0.0,0.0,0.0,0.0
B_Gene56_rep3,0.07496205768122191,0.0,0.0,0.0,0.0
A_Gene224_rep1,0.0,0.0,0.0,0.0,0.0
A_Gene224_rep2,0.0,0.0,0.0,0.0,0.0
A_Gene224_rep3,0.0,0.0,0.0,0.0,0.0
A_Gene493_rep1,0.0,0.0,0.0,0.0,0.0
A_Gene493_rep2,0.0,0.0,0.0,0.0,0.0
A_Gene493_rep3,0.0,0.0,0.0,0.0,0.0
B_Gene433_rep1,0.0,0.0,0.0,0.0,0.0
B_Gene433_rep2,0.0,0.0,0.0,0.0,0.0
B_Gene433_rep3,0.0,0.0,0.0,0.0,0.0
B_Gene434_rep1,0.0,0.0,0.0,0.0,0.0
B_Gene434_rep2,0.0,0.0,0.0,0.0,0.0
B_Gene434_rep3,0.0,0.0,0.0,0.0,0.0
B_Gene136_rep1,0.0,0.0,0.0,0.0,0.0
B_Gene136_rep2,0.0,0.0,0.0,0.0,0.0
B_Gene136_rep3,0.0,0.0,0.0,0.0,0.0
B_Gene17_rep1,0.0,0.0,0.0,0.0,0.0
B_Gene17_rep2,0.0,0.0,0.0,0.0,0.0
B_Gene17_rep3,0.0,0.0,0.0,0.0,0.0
B_Gene448_rep1,0.0,0.0,0.0,0.0,0.0
B_Gene448_rep2,0.0,0.0,0.0,0.0,0.0
B_Gene448_rep3,0.0,0.0,0.0,0.0,0.0
B_Gene146_rep1,0.0,0.0,0.0,0.0,0.0
B_Gene146_rep2,0.0,0.0,0.0,0.0,0.0
B_Gene146_rep3,0.0,0.0,0.0,0.019583315647554632,0.0
B_Gene388_rep1,0.0,0.0,0.0,0.0,0.0
B_Gene388_rep2,0.0,0.0,0.0,0.0,0.0
B_Gene388_rep3,0.0,0.0,0.0,0.0,0.0
B_Gene193_rep1,0.0,0.0,0.0,0.0,0.0
B_Gene193_rep2,0.0,0.0,0.0,0.0,0.0
B_Gene193_rep3,0.0,0.0,0.0,0.0,0.0
A_Gene433_rep1,0.0,0.0,0.0,0.0,0.0
A_Gene433_rep2,0.0,0.0,0.0,0.0,0.0
A_Gene433_rep3,0.0,0.0,0.0,0.0,0.0
B_Gene209_rep1,0.0,0.0,0.0,0.0,0.0
B_Gene209_rep2,0.0,0.0,0.0,0.0,0.0
B_Gene209_rep3,0.0,0.0,0.0,0.0,0.0
A_Gene23_rep1,0.0,0.0,0.0,0.0,0.0
A_Gene23_rep2,0.0,0.0,0.0,0.0,0.0
A_Gene23_rep3,0.0,0.0,0.0,0.0,0.0
A_Gene382_rep1,0.0,0.0,0.0,0.0,0.0
A_Gene382_rep2,0.0,0.0,0.0,0.0,0.0
A_Gene382_rep3,0.0,0.0,0.0,0.0,0.0
B_Gene257_rep1,0.0,0.0,0.0,0.0,0.0
B_Gene257_rep2,0.0,0.0,0.0,0.0,0.0
B_Gene257_rep3,0.0,0.0,0.0,0.0,0.0
B_Gene381_rep1,0.0,0.0,0.0,0.0,0.0
B_Gene381_rep2,0.0,0.0,0.0,0.0,0.0
B_Gene381_rep3,0.0,0.0,0.0,0.0,0.0
A_Gene283_rep1,0.0,0.0,0.0,0.0,0.0
A_Gene283_rep2,0.0,0.0,0.0,0.0,0.0
A_Gene283_rep3,0.0,0.0,0.0,0.0,0.0
A_Gene162_rep1,0.0,0.0,0.0,0.0,0.0
A_Gene162_rep2,0.0,0.0,0.0,0.0,0.0
A_Gene162_rep3,0.0,0.0,0.0,0.0,0.0
B_Gene263_rep1,0.0,0.0,0.0,0.0,0.0
B_Gene263_rep2,0.0,0.0,0.0,0.0,0.0
B_Gene263_rep3,0.0,0.0,0.0,0.0,0.0
B_Gene279_rep1,0.0,0.0,0.0,0.0,0.0
B_Gene279_rep2,0.0,0.0,0.0,0.0,0.0
B_Gene279_rep3,0.0,0.0,0.0,0.0,0.0
A_Gene109_rep1,0.0,0.0,0.0,0.0,0.0
A_Gene109_rep2,0.15661234669763954,0.0,0.0,0.0,0.0
A_Gene109_rep3,0.0,0.0,0.0,0.0,0.0
A_Gene362_rep1,0.10075343526949533,0.0,0.0,0.0,0.0
A_Gene362_rep2,0.0,0.0,0.0,0.0,0.0
A_Gene362_rep3,0.0,0.0,0.0,0.0,0.0
B_Gene273_rep1,0.0,0.0,0.0,0.0,0.0
B_Gene273_rep2,0.0,0.0,0.0,0.0,0.0
B_Gene273_rep3,0.0,0.04544297076116712,0.0,0.0,0.0
A_Gene110_rep1,0.0,0.0,0.0,0.0,0.0
A_Gene110_rep2,0.0,0.0,0.0,0.0,0.0
A_Gene110_rep3,0.0,0.0,0.0,0.0,0.0
B_Gene407_rep1,0.0,0.0,0.0,0.0,0.0
B_Gene407_rep2,0.0,0.0,0.0,0.0,0.0
B_Gene407_rep3,0.0,0.0,0.0,0.0,0.0
B_Gene153_rep1,0.0,0.0,0.0,0.0,0.0
B_Gene153_rep2,0.0,0.0,0.0,0.0,0.0
B_Gene153_rep3,0.0,0.0,0.0,0.0,0.0
B_Gene81_rep1,0.0,0.0,0.0,0.0,0.0
B_Gene81_rep2,0.0,0.0,0.0,0.0,0.0
B_Gene81_rep3,0.0,0.0,0.0,0.0,0.0
B_Gene408_rep1,0.0,0.0,0.0,0.0,0.0
B_Gene408_rep2,0.0,0.0,0.0,0.0,0.0
B_Gene408_rep3,0.0,0.0,0.0,0.0,0.0
A_Gene63_rep1,0.0,0.0,0.0,0.0,0.0
A_Gene63_rep2,0.0,0.0,0.0,0.0,0.035154664307528005
A_Gene63_rep3,0.0,0.0,0.0,0.0,0.0
A_Gene360_rep1,0.0,0.0,0.0,0.0,0.0
A_Gene360_rep2,0.0,0.0,0.0,0.0,0.0
A_Gene360_rep3,0.0,0.0,0.0,0.0,0.0
A_Gene425_rep1,0.0,0.0,0.0,0.0,0.0
A_Gene425_rep2,0.0,0.0,0.0,0.0,0.0
A_Gene425_rep3,0.0,0.0,0.0,0.0,0.0
B_Gene301_rep1,0.0,0.0,0.0,0.0,0.0
B_Gene301_rep2,0.0,0.0,0.0,0.0,0.0
B_Gene301_rep3,0.0,0.0,0.0,0.0,0.0
A_Gene56_rep1,0.0,0.0,0.0,0.0,0.0
A_Gene56_rep2,0.0,0.0,0.0,0.0,0.0
A_Gene56_rep3,0.0,0.0,0.0,0.0,0.0
A_Gene339_rep1,0.0,0.0,0.0,0.0,0.0
A_Gene339_rep2,0.0,0.0,0.0,0.0,0.0
A_Gene339_rep3,0.0,0.0,0.0,0.02479246145128737,0.0
A_Gene80_rep1,0.0,0.0,0.0,0.0,0.0
A_Gene80_rep2,0.0,0.0,0.0,0.0,0.0
A_Gene80_rep3,0.0,0.0,0.0,0.0,0.0
B_Gene356_rep1,0.0,0.0,0.0,0.0,0.0
B_Gene356_rep2,0.0,0.0,0.0,0.0,0.0
B_Gene356_rep3,0.0,0.0,0.0,0.0,0.0
B_Gene427_rep1,0.0,0.0,0.0,0.0,0.0
B_Gene427_rep2,0.0,0.0,0.0,0.0,0.0
B_Gene427_rep3,0.0,0.0,0.0,0.0,0.0
B_Gene181_rep1,0.017684407784216472,0.0,0.0,0.0,0.0
B_Gene181_rep2,0.0,0.0,0.0,0.0,0.0
B_Gene181_rep3,0.0,0.0,0.0,0.0,0.0
A_Gene253_rep1,0.0,0.0,0.0,0.0,0.0
A_Gene253_rep2,0.0,0.0,0.0,0.0,0.0
A_Gene253_rep3,0.0,0.0,0.0,0.0,0.0
B_Gene32_rep1,0.0,0.0,0.0,0.0,0.0
B_Gene32_rep2,0.0,0.0,0.2614305201312042,0.0,0.0
B_Gene32_rep3,0.0,0.0,0.0,0.0,0.0
B_Gene102_rep1,0.0,0.0,0.0,0.0,0.0
B_Gene102_rep2,0.0,0.0,0.0,0.0,0.0
B_Gene102_rep3,0.0,0.0,0.0,0.0,0.0
B_Gene368_rep1,0.0,0.0,0.0,0.0,0.0
B_Gene368_rep2,0.0,0.0,0.0,0.0,0.0
B_Gene368_rep3,0.0,0.0,0.0,0.0,0.0
B_Gene76_rep1,0.0,0.0,0.0,0.0,0.0
B_Gene76_rep2,0.0,0.0,0.0,0.0,0.0
B_Gene76_rep3,0.0,0.0,0.0,0.0,0.0
B_Gene310_rep1,0.0,0.0,0.0,0.0,0.0
B_Gene310_rep2,0.0,0.0,0.0,0.0,0.0
B_Gene310_rep3,0.0,0.0,0.0,0.0,0.0
A_Gene467_rep1,0.0,0.0,0.0,0.0,0.021005858120302128
A_Gene467_rep2,0.0,0.0,0.0,0.0,0.0
A_Gene467_rep3,0.0,0.013879077412129235,0.0,0.0,0.0
B_Gene447_rep1,0.0,0.0,0.0,0.0,0.0
B_Gene447_rep2,0.0,0.0,0.0,0.0,0.0
B_Gene447_rep3,0.0,0.0,0.0,0.0,0.0
B_Gene429_rep1,0.0,0.0,0.0,0.0,0.0
B_Gene429_rep2,0.0,0.0,0.0,0.0,0.0
B_Gene429_rep3,0.0,0.0,0.0,0.0,0.0
B_Gene95_rep1,0.0,0.0,0.0,0.0,0.0
B_Gene95_rep2,0.0,0.0,0.0,0.0,0.0
B_Gene95_rep3,0.0,0.0,0.0,0.0,0.0
B_Gene454_rep1,0.0,0.0,0.0,0.0,0.11236652307256316
B_Gene454_rep2,0.0,0.0,0.0,0.0,0.0
B_Gene454_rep3,0.0,0.0,0.0,0.0,0.0
B_Gene9_rep1,0.0,0.0,0.0,0.0,0.0
B_Gene9_rep2,0.0,0.0,0.0,0.0,0.0
B_Gene9_rep3,0.0,0.0,0.0,0.0,0.0
B_Gene452_rep1,0.0,0.0,0.0,0.0,0.0
B_Gene452_rep2,0.0,0.0,0.0,0.0,0.0
B_Gene452_rep3,0.0,0.0,0.0,0.0,0.0
A_Gene345_rep1,0.0,0.0,0.0,0.0,0.0
A_Gene345_rep2,0.0,0.0,0.0,0.0,0.0
A_Gene345_rep3,0.0,0.0,0.0,0.0,0.0
A_Gene89_rep1,0.0,0.0,0.0,0.0,0.0
A_Gene89_rep2,0.0,0.0,0.0,0.0,0.0
A_Gene89_rep3,0.0,0.0,0.0,0.0,0.0
B_Gene238_rep1,0.0,0.0,0.0,0.0,0.0
B_Gene238_rep2,0.0,0.0,0.0,0.0,0.0
B_Gene238_rep3,0.0,0.0,0.0,0.0,0.0
B_Gene383_rep1,0.0,0.0,0.0,0.0,0.0
B_Gene383_rep2,0.0,0.0,0.0,0.0,0.0
B_Gene383_rep3,0.0,0.0,0.0,0.0,0.0
A_Gene104_rep1,0.0,0.0,0.0,0.0,0.0
A_Gene104_rep2,0.0,0.0,0.0,0.0,0.0
A_Gene104_rep3,0.0,0.0,0.0,0.0,0.0
A_Gene209_rep1,0.0,0.0,0.0,0.0,0.0
A_Gene209_rep2,0.0,0.0,0.0,0.0,0.04124298223188135
A_Gene209_rep3,0.0,0.0,0.0,0.0,0.0
B_Gene15_rep1,0.0,0.0,0.0,0.0,0.0
B_Gene15_rep2,0.0,0.0,0.0,0.0,0.0
B_Gene15_rep3,0.0,0.0,0.0,0.0,0.0
B_Gene291_rep1,0.0,0.0,0.0,0.0,0.0
B_Gene291_rep2,0.0,0.0,0.0,0.0,0.0
B_Gene291_rep3,0.0,0.0,0.0,0.0,0.0
B_Gene150_rep1,0.0,0.0,0.0,0.0,0.0
B_Gene150_rep2,0.0,0.0,0.0,0.0,0.0
B_Gene150_rep3,0.0,0.0,0.0,0.0,0.0
A_Gene182_rep1,0.0,0.0,0.0,0.0,0.0
A_Gene182_rep2,0.0,0.0,0.0,0.0,0.0
A_Gene182_rep3,0.0,0.0,0.0,0.0,0.0
B_Gene457_rep1,0.0,0.0,0.0,0.0,0.0
B_Gene457_rep2,0.0,0.0,0.0,0.0,0.0
B_Gene457_rep3,0.0,0.0,0.0,0.0,0.0
B_Gene172_rep1,0.0,0.0,0.0,0.0,0.0
B_Gene172_rep2,0.0,0.0,0.0,0.0,0.0
B_Gene172_rep3,0.0,0.0,0.0,0.0,0.0
A_Gene447_rep1,0.0,0.0,0.0,0.0,0.2248634953762949
A_Gene447_rep2,0.0,0.0,0.0,0.0,0.0
A_Gene447_rep3,0.0,0.0,0.0,0.0,0.0
B_Gene319_rep1,0.0,0.0,0.0,0.0,0.0
B_Gene319_rep2,0.0,0.0,0.0,0.0,0.0
B_Gene319_rep3,0.0,0.0,0.0,0.0,0.0
B_Gene432_rep1,0.0,0.0,0.0,0.0,0.0
B_Gene432_rep2,0.0,0.0,0.0,0.0,0.0
B_Gene432_rep3,0.0,0.0,0.0,0.0,0.0
A_Gene381_rep1,0.0,0.0,0.0,0.0,0.0
A_Gene381_rep2,0.0,0.0,0.0,0.0,0.0
A_Gene381_rep3,0.0,0.0,0.0,0.0,0.0
A_Gene273_rep1,0.0,0.0,0.0,0.0,0.0
A_Gene273_rep2,0.0,0.0,0.0,0.09536185612286018,0.0
A_Gene273_rep3,0.0,0.09895848008816878,0.0,0.0,0.0
B_Gene113_rep1,0.0,0.0,0.0,0.0,0.0
B_Gene113_rep2,0.0,0.0,0.0,0.0,0.0
B_Gene113_rep3,0.0,0.0,0.0,0.0,0.0
A_Gene30_rep1,0.0,0.0,0.0,0.0,0.0
A_Gene30_rep2,0.0,0.0,0.0,0.0,0.0
A_Gene30_rep3,0.0,0.0,0.0,0.0,0.0
A_Gene107_rep1,0.0,0.0,0.0,0.0,0.0
A_Gene107_rep2,0.0,0.0,0.0,0.0,0.0
A_Gene107_rep3,0.0,0.0,0.0,0.0,0.0
B_Gene384_rep1,0.0,0.0,0.0,0.0,0.0
B_Gene384_rep2,0.0,0.0,0.0,0.0,0.0
B_Gene384_rep3,0.0,0.0,0.0,0.0,0.0
A_Gene478_rep1,0.0,0.0,0.0,0.0,0.0
A_Gene478_rep2,0.0,0.0,0.0,0.0,0.0
A_Gene478_rep3,0.0,0.0,0.0,0.0,0.0
A_Gene377_rep1,0.0,0.0,0.0,0.0,0.0
A_Gene377_rep2,0.0,0.0,0.0,0.0,0.0
A_Gene377_rep3,0.0,0.0,0.0,0.0,0.0
B_Gene406_rep1,0.0,0.0,0.0,0.0,0.0
B_Gene406_rep2,0.0,0.0,0.0,0.0,0.0
B_Gene406_rep3,0.0,0.0,0.0,0.0,0.0
B_Gene413_rep1,0.0,0.0,0.0,0.0,0.0
B_Gene413_rep2,0.0,0.0,0.0,0.0,0.0
B_Gene413_rep3,0.0,0.0,0.0,0.0,0.0
A_Gene181_rep1,0.0,0.0,0.0,0.0,0.0
A_Gene181_rep2,0.0,0.0,0.0,0.0,0.05334307608593645
A_Gene181_rep3,0.0,0.0,0.0,0.0,0.0067169162145806465
B_Gene98_rep1,0.0,0.0,0.042177370244394566,0.0,0.0
B_Gene98_rep2,0.0,0.0,0.0,0.0,0.0
B_Gene98_rep3,0.05612105199090887,0.0,0.0,0.019583315647554632,0.0
B_Gene67_rep1,0.0,0.0,0.0,0.0,0.09040181202798936
B_Gene67_rep2,0.0,0.0,0.0,0.0,0.0
B_Gene67_rep3,0.0,0.0,0.0,0.0,0.0
A_Gene460_rep1,0.06580205839574609,0.0,0.0,0.0,0.0
A_Gene460_rep2,0.0,0.0,0.0,0.0,0.0
A_Gene460_rep3,0.0,0.0,0.0,0.0,0.0
A_Gene206_rep1,0.0,0.0,0.0,0.0,0.0
A_Gene206_rep2,0.0,0.0,0.0,0.0,0.0
A_Gene206_rep3,0.0,0.0,0.0,0.0,0.0
B_Gene421_rep1,0.0,0.0,0.0,0.0,0.0
B_Gene421_rep2,0.0,0.0,0.0,0.0,0.0
B_Gene421_rep3,0.0,0.0,0.0,0.0,0.0
B_Gene74_rep1,0.0,0.0,0.0,0.0,0.0
B_Gene74_rep2,0.0,0.0,0.0,0.0,0.0
B_Gene74_rep3,0.0,0.0,0.0,0.0,0.0
B_Gene66_rep1,0.0,0.0,0.0,0.0,0.0
B_Gene66_rep2,0.0,0.0,0.0,0.0,0.0
B_Gene66_rep3,0.0,0.0,0.0,0.0,0.0
B_Gene424_rep1,0.0,0.0,0.0,0.0,0.0
B_Gene424_rep2,0.0,0.0,0.0,0.0,0.0
B_Gene424_rep3,0.0,0.0,0.0,0.0,0.0
A_Gene99_rep1,0.0,0.0,0.0,0.0,0.0
A_Gene99_rep2,0.0,0.0,0.0,0.0,0.0
A_Gene99_rep3,0.0,0.0,0.0,0.0,0.0
A_Gene113_rep1,0.0,0.0,0.0,0.0,0.0
A_Gene113_rep2,0.0,0.0,0.0,0.0,0.0
A_Gene113_rep3,0.0,0.0,0.0,0.0,0.0
A_Gene13_rep1,0.0,0.0,0.0,0.0,0.0
A_Gene13_rep2,0.0,0.0,0.0,0.0,0.0
A_Gene13_rep3,0.0,0.0,0.0,0.0,0.0
A_Gene122_rep1,0.0,0.0,0.0,0.0,0.0
A_Gene122_rep2,0.0,0.0,0.0,0.0,0.0
A_Gene122_rep3,0.0,0.0,0.0,0.0,0.0
A_Gene326_rep1,0.0,0.0,0.0,0.0,0.0
A_Gene326_rep2,0.0,0.0,0.0,0.0,0.0
A_Gene326_rep3,0.0,0.0,0.0,0.0,0.0
A_Gene175_rep1,0.0,0.0,0.0,0.0,0.0
A_Gene175_rep2,0.0,0.0,0.2970935702474701,0.0,0.0
A_Gene175_rep3,0.0,0.1647862781433397,0.0,0.0,0.0
A_Gene452_rep1,0.0,0.0,0.0,0.0,0.0
A_Gene452_rep2,0.0,0.0,0.0,0.0,0.0
A_Gene452_rep3,0.0,0.0,0.0,0.0,0.0
B_Gene55_rep1,0.0,0.0,0.0,0.0,0.0
B_Gene55_rep2,0.0,0.0,0.0,0.0,0.0
B_Gene55_rep3,0.0,0.0,0.0,0.0,0.0
B_Gene239_rep1,0.0,0.0,0.0,0.0,0.0
B_Gene239_rep2,0.0,0.0,0.0,0.0,0.0
B_Gene239_rep3,0.0,0.0,0.0,0.0,0.0
A_Gene302_rep1,0.0,0.0,0.0,0.0,0.0
A_Gene302_rep2,0.0,0.0,0.0,0.0,0.0
A_Gene302_rep3,0.0,0.0,0.0,0.0,0.0
B_Gene302_rep1,0.0,0.0,0.0,0.0,0.0
B_Gene302_rep2,0.0,0.0,0.0,0.0,0.0
B_Gene302_rep3,0.0,0.0,0.0,0.0,0.0
A_Gene443_rep1,0.0,0.0,0.0,0.0,0.0
A_Gene443_rep2,0.0,0.0,0.0,0.0,0.0
A_Gene443_rep3,0.0,0.0,0.0,0.0,0.0
A_Gene279_rep1,0.0,0.0,0.0,0.0,0.0
A_Gene279_rep2,0.0,0.0,0.0,0.0,0.0
A_Gene279_rep3,0.0,0.0,0.0,0.0,0.0
B_Gene85_rep1,0.0,0.0,0.0,0.0,0.0
B_Gene85_rep2,0.0,0.0,0.0,0.0,0.0
B_Gene85_rep3,0.0,0.0,0.0,0.0,0.0
A_Gene11_rep1,0.0,0.0,0.0,0.0,0.0
A_Gene11_rep2,0.0,0.0,0.0,0.0,0.0
A_Gene11_rep3,0.0,0.0,0.0,0.0,0.0
A_Gene316_rep1,0.0,0.0,0.0,0.0,0.0
A_Gene316_rep2,0.0,0.0,0.0,0.0,0.0
A_Gene316_rep3,0.0,0.0,0.0,0.0,0.0
B_Gene355_rep1,0.0,0.0,0.0,0.0,0.0
B_Gene355_rep2,0.0,0.0,0.0,0.0,0.0
B_Gene355_rep3,0.0,0.0,0.0,0.0,0.0
A_Gene272_rep1,0.11503324294624008,0.0,0.0,0.0,0.0
A_Gene272_rep2,0.0,0.0,0.0,0.0,0.2166100687424417
A_Gene272_rep3,0.0,0.0,0.0,0.0,0.0
A_Gene22_rep1,0.0,0.0,0.0,0.0,0.0
A_Gene22_rep2,0.0,0.0,0.0,0.0,0.0
A_Gene22_rep3,0.0,0.0,0.0,0.0,0.0
B_Gene111_rep1,0.0,0.0,0.0,0.0,0.0
B_Gene111_rep2,0.0,0.0,0.0,0.0,0.0
B_Gene111_rep3,0.0,0.0,0.0,0.0,0.0
B_Gene326_rep1,0.0,0.0,0.0,0.0,0.0
B_Gene326_rep2,0.0,0.0,0.0,0.0,0.0
B_Gene326_rep3,0.0,0.0,0.0,0.0,0.0
A_Gene392_rep1,0.0,0.0,0.0,0.0,0.0
A_Gene392_rep2,0.0,0.0,0.0,0.0,0.0
A_Gene392_rep3,0.0,0.0,0.0,0.0,0.0
B_Gene40_rep1,0.057508036594665565,0.13136997956683108,0.0,0.0,0.0
B_Gene40_rep2,0.0,0.0,0.0,0.0,0.0
B_Gene40_rep3,0.0,0.0,0.0,0.0,0.0
A_Gene26_rep1,0.0,0.0,0.0,0.0,0.0
A_Gene26_rep2,0.0,0.0,0.0,0.0,0.0
A_Gene26_rep3,0.0,0.0,0.0,0.0,0.0
A_Gene499_rep1,0.0,0.0,0.0,0.0,0.0
A_Gene499_rep2,0.0,0.0,0.0,0.0,0.0
A_Gene499_rep3,0.0,0.0,0.0,0.0,0.0
A_Gene380_rep1,0.0,0.0,0.0,0.0,0.0
A_Gene380_rep2,0.0,0.0,0.0,0.0,0.0
A_Gene380_rep3,0.0,0.0,0.0,0.0,0.0
A_Gene422_rep1,0.0,0.0,0.0,0.0,0.0
A_Gene422_rep2,0.0,0.0,0.0,0.0,0.0
A_Gene422_rep3,0.0,0.0,0.0,0.0,0.0
B_Gene80_rep1,0.0,0.0,0.0,0.0,0.0
B_Gene80_rep2,0.0,0.0,0.0,0.0,0.0
B_Gene80_rep3,0.0,0.0,0.0,0.0,0.0
B_Gene174_rep1,0.0,0.0,0.0,0.0,0.0
B_Gene174_rep2,0.0,0.0,0.0,0.0,0.0
B_Gene174_rep3,0.0,0.0,0.0,0.0,0.0
A_Gene138_rep1,0.0,0.0,0.0,0.0,0.0
A_Gene138_rep2,0.0,0.0,0.0,0.0,0.0
A_Gene138_rep3,0.0,0.0,0.0,0.0,0.0
B_Gene455_rep1,0.0,0.0,0.0,0.0,0.0
B_Gene455_rep2,0.0,0.0,0.0,0.0,0.0
B_Gene455_rep3,0.0,0.0,0.0,0.0,0.0
B_Gene137_rep1,0.0,0.0,0.0,0.0,0.0
B_Gene137_rep2,0.0,0.0,0.0,0.0,0.0
B_Gene137_rep3,0.0,0.0,0.0,0.0,0.0
B_Gene488_rep1,0.0,0.0,0.0,0.0,0.0
B_Gene488_rep2,0.0,0.0,0.0,0.0,0.0
B_Gene488_rep3,0.01863417413905097,0.0,0.0,0.019583315647554632,0.01530725278784838
B_Gene348_rep1,0.0,0.0,0.0,0.0,0.0
B_Gene348_rep2,0.0,0.0,0.0,0.0,0.0
B_Gene348_rep3,0.0,0.0,0.0,0.0,0.0
B_Gene446_rep1,0.0,0.0,0.0,0.0,0.0
B_Gene446_rep2,0.0,0.0,0.0,0.0,0.0
B_Gene446_rep3,0.0,0.0,0.0,0.0,0.0
A_Gene60_rep1,0.005759269288684953,0.0,0.0,0.0,0.08451787115627016
A_Gene60_rep2,0.105231077103699,0.0,0.0,0.0,0.0
A_Gene60_rep3,0.0,0.0,0.0,0.0,0.0
A_Gene430_rep1,0.0,0.0,0.0,0.0,0.0
A_Gene430_rep2,0.0,0.0,0.0,0.0,0.0
A_Gene430_rep3,0.0,0.0,0.0,0.0,0.0
B_Gene29_rep1,0.0,0.0,0.0,0.0,0.0
B_Gene29_rep2,0.0,0.0,0.0,0.0,0.0
B_Gene29_rep3,0.0,0.0,0.0,0.0,0.0
A_Gene250_rep1,0.0,0.0,0.0,0.0,0.0
A_Gene250_rep2,0.0,0.0,0.0,0.0,0.0
A_Gene250_rep3,0.0,0.0,0.0,0.0,0.0
A_Gene157_rep1,0.0,0.0,0.0,0.0,0.0
A_Gene157_rep2,0.0,0.0,0.0,0.0,0.0
A_Gene157_rep3,0.0,0.0,0.0,0.0,0.0
A_Gene28_rep1,0.0,0.0,0.0,0.0,0.0
A_Gene28_rep2,0.0,0.0,0.0,0.0,0.0
A_Gene28_rep3,0.0,0.0,0.0,0.0,0.0
B_Gene65_rep1,0.0,0.04171025188483733,0.0,0.0,0.0
B_Gene65_rep2,0.0,0.0,0.0,0.0,0.0
B_Gene65_rep3,0.01863417413905097,0.0,0.0,0.0,0.0
A_Gene146_rep1,0.0,0.0,0.03843618165610792,0.0,0.0
A_Gene146_rep2,0.0,0.0,0.0,0.0,0.0
A_Gene146_rep3,0.0,0.0,0.0,0.0,0.0
B_Gene106_rep1,0.0,0.0,0.0,0.0,0.0
B_Gene106_rep2,0.0,0.0,0.0,0.0,0.0
B_Gene106_rep3,0.0,0.0,0.0,0.0,0.0
A_Gene174_rep1,0.0,0.0,0.0,0.0,0.0
A_Gene174_rep2,0.0,0.0,0.0,0.0,0.0
A_Gene174_rep3,0.0,0.0,0.0,0.0,0.0
B_Gene157_rep1,0.0,0.0,0.0,0.0,0.0
B_Gene157_rep2,0.0,0.0,0.0,0.0,0.0
B_Gene157_rep3,0.0,0.0,0.0,0.0,0.0
A_Gene298_rep1,0.0,0.0,0.0,0.0,0.0
A_Gene298_rep2,0.0,0.0,0.0,0.0,0.0
A_Gene298_rep3,0.0,0.0,0.0,0.0,0.0
A_Gene318_rep1,0.0,0.0,0.0,0.0,0.0
A_Gene318_rep2,0.0,0.0,0.0,0.0,0.0
A_Gene318_rep3,0.0,0.0,0.0,0.0,0.0
A_Gene76_rep1,0.0,0.0,0.0,0.0,0.0
A_Gene76_rep2,0.0,0.0,0.0,0.0,0.0
A_Gene76_rep3,0.0,0.0,0.0,0.0,0.0
B_Gene342_rep1,0.0,0.0,0.0,0.0,0.0
B_Gene342_rep2,0.0,0.0,0.0,0.0,0.0
B_Gene342_rep3,0.0,0.0,0.0,0.0,0.0
A_Gene315_rep1,0.005759269288684953,0.0,0.0,0.0,0.0
A_Gene315_rep2,0.0,0.0,0.0,0.0,0.0
A_Gene315_rep3,0.0,0.0,0.0,0.0,0.0
A_Gene363_rep1,0.0,0.0,0.0,0.0,0.0
A_Gene363_rep2,0.0,0.0,0.0,0.0,0.0
A_Gene363_rep3,0.0,0.0,0.0,0.0,0.0
B_Gene49_rep1,0.0,0.0,0.0,0.0,0.0
B_Gene49_rep2,0.0,0.0,0.0,0.0,0.0
B_Gene49_rep3,0.0,0.0,0.0,0.0,0.0
A_Gene133_rep1,0.0,0.0,0.0,0.0,0.0
A_Gene133_rep2,0.0,0.0,0.0,0.0,0.0
A_Gene133_rep3,0.0,0.0,0.0,0.0,0.0
A_Gene436_rep1,0.0,0.0,0.0,0.0,0.0
A_Gene436_rep2,0.0,0.0,0.0,0.0,0.0
A_Gene436_rep3,0.0,0.0,0.0,0.0,0.0
A_Gene48_rep1,0.0,0.0,0.0,0.0,0.0
A_Gene48_rep2,0.0,0.0,0.0,0.0,0.0
A_Gene48_rep3,0.0,0.0,0.0,0.0,0.0
B_Gene188_rep1,0.0,0.0,0.0,0.0,0.0
B_Gene188_rep2,0.0,0.0,0.0,0.0,0.0
B_Gene188_rep3,0.0,0.0,0.0,0.0,0.0
A_Gene14_rep1,0.0,0.0,0.0,0.0,0.0
A_Gene14_rep2,0.0,0.0,0.0,0.0,0.0
A_Gene14_rep3,0.0,0.0,0.0,0.0,0.0
A_Gene32_rep1,0.0,0.0,0.0,0.0,0.0
A_Gene32_rep2,0.0,0.0,0.0,0.0,0.0
A_Gene32_rep3,0.0,0.0,0.0,0.0,0.0
B_Gene175_rep1,0.0,0.0,0.0,0.0,0.0
B_Gene175_rep2,0.0,0.0,0.062121711907797486,0.14012422390907067,0.01006368334469748
B_Gene175_rep3,0.0,0.0,0.0,0.0,0.0
A_Gene159_rep1,0.0,0.0,0.0,0.0,0.0
A_Gene159_rep2,0.0,0.0,0.0,0.0,0.0
A_Gene159_rep3,0.0,0.0,0.0,0.0,0.0
A_Gene204_rep1,0.0,0.0,0.0,0.0,0.0
A_Gene204_rep2,0.0,0.0,0.0,0.0,0.0
A_Gene204_rep3,0.0,0.0,0.0,0.0,0.0
B_Gene253_rep1,0.0,0.0,0.0,0.0,0.0
B_Gene253_rep2,0.0,0.0,0.0,0.0,0.0
B_Gene253_rep3,0.0,0.0,0.0,0.0,0.0
A_Gene391_rep1,0.0,0.0,0.0,0.0,0.0
A_Gene391_rep2,0.0,0.0,0.0,0.010541159781585988,0.0
A_Gene391_rep3,0.0,0.0,0.0,0.0,0.0
B_Gene179_rep1,0.0,0.0,0.0,0.0,0.0
B_Gene179_rep2,0.0,0.0,0.0,0.0,0.0
B_Gene179_rep3,0.0,0.0,0.0,0.0,0.0
B_Gene110_rep1,0.0,0.0,0.0,0.0,0.0
B_Gene110_rep2,0.0,0.0,0.0,0.0,0.0
B_Gene110_rep3,0.0,0.0,0.0,0.0,0.0
B_Gene125_rep1,0.0,0.0,0.0,0.0,0.0
B_Gene125_rep2,0.0,0.0,0.0,0.0,0.0
B_Gene125_rep3,0.0,0.0,0.0,0.0,0.0
A_Gene434_rep1,0.20246996379571186,0.0,0.0,0.0,0.0
A_Gene434_rep2,0.0,0.0,0.0,0.0,0.0
A_Gene434_rep3,0.0,0.0,0.0,0.0,0.0
B_Gene230_rep1,0.0,0.0,0.0,0.0,0.0
B_Gene230_rep2,0.0,0.0,0.0,0.0,0.0
B_Gene230_rep3,0.0,0.0,0.0,0.0,0.0
A_Gene387_rep1,0.0,0.0,0.0,0.0,0.0
A_Gene387_rep2,0.0,0.0,0.0,0.0,0.0
A_Gene387_rep3,0.0,0.0,0.0,0.0,0.0
A_Gene137_rep1,0.0,0.0,0.0,0.0,0.0
A_Gene137_rep2,0.0,0.0,0.0,0.0,0.0
A_Gene137_rep3,0.0,0.0,0.0,0.0,0.0
B_Gene469_rep1,0.0,0.0,0.0,0.0,0.0
B_Gene469_rep2,0.0,0.0,0.0,0.0,0.0004808182150450394
B_Gene469_rep3,0.0,0.0,0.0,0.0,0.002402490215304613
A_Gene189_rep1,0.0,0.0,0.0,0.0,0.0
A_Gene189_rep2,0.0,0.0,0.0,0.0,0.0
A_Gene189_rep3,0.0,0.0,0.0,0.0,0.0
A_Gene74_rep1,0.0,0.0,0.0,0.0,0.0
A_Gene74_rep2,0.0,0.0,0.0,0.0,0.0
A_Gene74_rep3,0.0,0.0,0.0,0.0,0.0
A_Gene414_rep1,0.0,0.0,0.0,0.0,0.0
A_Gene414_rep2,0.0,0.0,0.0,0.0,0.0
A_Gene414_rep3,0.0,0.0,0.0,0.0,0.0
B_Gene269_rep1,0.0,0.0,0.0,0.0,0.0
B_Gene269_rep2,0.0,0.0,0.0,0.0,0.0
B_Gene269_rep3,0.07496205768122191,0.0,0.0,0.0,0.0
B_Gene205_rep1,0.0,0.0,0.0,0.0,0.0
B_Gene205_rep2,0.0,0.0,0.0,0.0,0.0
B_Gene205_rep3,0.0,0.0,0.0,0.0,0.0
B_Gene6_rep1,0.0,0.0,0.0,0.0,0.0
B_Gene6_rep2,0.0,0.0,0.0,0.0,0.0
B_Gene6_rep3,0.0,0.0,0.0,0.0,0.0
B_Gene46_rep1,0.0,0.0,0.0,0.0,0.0
B_Gene46_rep2,0.0,0.0,0.0,0.0,0.0
B_Gene46_rep3,0.0,0.0,0.0,0.0,0.0
B_Gene487_rep1,0.0,0.0,0.0,0.0,0.0
B_Gene487_rep2,0.0,0.0,0.0,0.0,0.0
B_Gene487_rep3,0.0,0.0,0.0,0.0,0.0
A_Gene349_rep1,0.0,0.0,0.0,0.0,0.0
A_Gene349_rep2,0.0,0.0,0.0,0.0,0.0
A_Gene349_rep3,0.0,0.0,0.0,0.0,0.0
B_Gene187_rep1,0.0,0.0,0.0,0.0,0.0
B_Gene187_rep2,0.0,0.0,0.0,0.0,0.0
B_Gene187_rep3,0.0,0.0,0.0,0.0,0.0
A_Gene464_rep1,0.0,0.0,0.0,0.0,0.0
A_Gene464_rep2,0.0,0.0,0.0,0.0,0.0
A_Gene464_rep3,0.0,0.0,0.0,0.0,0.0
B_Gene379_rep1,0.0,0.0,0.0,0.0,0.0
B_Gene379_rep2,0.0,0.0,0.0,0.0,0.0
B_Gene379_rep3,0.0,0.0,0.0,0.0,0.0
B_Gene69_rep1,0.0,0.0,0.0,0.0,0.0
B_Gene69_rep2,0.0,0.0,0.0,0.0,0.0
B_Gene69_rep3,0.0,0.0,0.0,0.0,0.0
B_Gene369_rep1,0.0,0.0,0.0,0.0,0.0
B_Gene369_rep2,0.0,0.0,0.0,0.0,0.0
B_Gene369_rep3,0.0,0.0,0.0,0.0,0.0
A_Gene278_rep1,0.0,0.0,0.0,0.0,0.0
A_Gene278_rep2,0.0,0.0,0.0,0.0,0.0
A_Gene278_rep3,0.0,0.0,0.0,0.0,0.0
A_Gene55_rep1,0.0,0.0,0.0,0.0,0.0
A_Gene55_rep2,0.0,0.0,0.0,0.0,0.0
A_Gene55_rep3,0.0,0.0,0.0,0.0,0.0
A_Gene217_rep1,0.0,0.0,0.0,0.0,0.0
A_Gene217_rep2,0.0,0.0,0.0,0.0,0.0
A_Gene217_rep3,0.0,0.0,0.0,0.0,0.0
A_Gene240_rep1,0.0,0.0,0.0,0.0,0.0
A_Gene240_rep2,0.0,0.0,0.0,0.0,0.0
A_Gene240_rep3,0.0,0.0,0.0,0.0,0.0
A_Gene199_rep1,0.0,0.0,0.0,0.0,0.0
A_Gene199_rep2,0.0,0.0,0.0,0.0,0.0
A_Gene199_rep3,0.0,0.0,0.0,0.0,0.0
A_Gene249_rep1,0.0,0.0,0.0,0.0,0.0
A_Gene249_rep2,0.0,0.0,0.0,0.0,0.0
A_Gene249_rep3,0.0,0.0,0.0,0.0,0.0
B_Gene324_rep1,0.0,0.0,0.0,0.0,0.0
B_Gene324_rep2,0.0,0.0,0.0,0.0,0.0
B_Gene324_rep3,0.0,0.0,0.0,0.0,0.0
B_Gene63_rep1,0.0,0.0,0.0,0.0,0.0
B_Gene63_rep2,0.0,0.0,0.0,0.0,0.0
B_Gene63_rep3,0.0,0.0,0.0,0.0,0.0
A_Gene188_rep1,0.0,0.0,0.0,0.0,0.0
A_Gene188_rep2,0.0,0.0,0.0,0.0,0.0
A_Gene188_rep3,0.0,0.0,0.0,0.0,0.0
A_Gene457_rep1,0.0,0.0,0.0,0.0,0.0
A_Gene457_rep2,0.0,0.0,0.0,0.0,0.0
A_Gene457_rep3,0.0,0.0,0.0,0.0,0.0
A_Gene356_rep1,0.0,0.0,0.0,0.0,0.0
A_Gene356_rep2,0.0,0.0,0.0,0.0,0.0
A_Gene356_rep3,0.0,0.0,0.0,0.0,0.00480098626382128
A_Gene116_rep1,0.0,0.0,0.0,0.0,0.0
A_Gene116_rep2,0.0,0.0,0.0,0.0,0.0
A_Gene116_rep3,0.0,0.0,0.0,0.0,0.0
A_Gene468_rep1,0.0,0.0,0.0,0.0,0.0
A_Gene468_rep2,0.0,0.0,0.0,0.0,0.0
A_Gene468_rep3,0.0,0.0,0.0,0.0,0.0
A_Gene37_rep1,0.0,0.0,0.0,0.0,0.0
A_Gene37_rep2,0.0,0.0,0.0,0.0,0.0
A_Gene37_rep3,0.0,0.0,0.0,0.0,0.0
B_Gene201_rep1,0.0,0.0,0.0,0.0,0.0
B_Gene201_rep2,0.0,0.0,0.0,0.0,0.0
B_Gene201_rep3,0.0,0.0,0.0,0.0,0.0
A_Gene205_rep1,0.0,0.0,0.0,0.0,0.0
A_Gene205_rep2,0.0,0.0,0.0,0.0,0.0
A_Gene205_rep3,0.0,0.0,0.0,0.0,0.0
A_Gene304_rep1,0.0,0.0,0.0,0.0,0.0
A_Gene304_rep2,0.0,0.0,0.0,0.0,0.0
A_Gene304_rep3,0.0,0.0,0.0,0.0,0.0
B_Gene104_rep1,0.0,0.0,0.0,0.0,0.0
B_Gene104_rep2,0.0,0.0,0.0,0.0,0.0
B_Gene104_rep3,0.0,0.0,0.0,0.0,0.0
A_Gene446_rep1,0.0,0.0,0.0,0.0,0.0
A_Gene446_rep2,0.0,0.0,0.0,0.0,0.0
A_Gene446_rep3,0.0,0.0,0.0,0.0,0.0
A_Gene29_rep1,0.0,0.0,0.0,0.0,0.0
A_Gene29_rep2,0.0,0.0,0.0,0.0,0.0
A_Gene29_rep3,0.0,0.0,0.0,0.0,0.0
A_Gene4_rep1,0.0,0.0,0.0,0.0,0.0
A_Gene4_rep2,0.0,0.0,0.0,0.0,0.0
A_Gene4_rep3,0.0,0.0,0.0,0.0,0.0
B_Gene50_rep1,0.0,0.0,0.0,0.0,0.0
B_Gene50_rep2,0.0,0.0,0.0,0.0,0.0
B_Gene50_rep3,0.0,0.0,0.0,0.0,0.0
B_Gene122_rep1,0.0,0.0,0.0,0.0,0.0
B_Gene122_rep2,0.0,0.0,0.0,0.0,0.0
B_Gene122_rep3,0.0,0.0,0.0,0.0,0.0
A_Gene319_rep1,0.0,0.0,0.0,0.0,0.0
A_Gene319_rep2,0.0,0.0,0.0,0.0,0.0
A_Gene319_rep3,0.0,0.0,0.0,0.0,0.0
B_Gene68_rep1,0.0,0.0,0.0,0.0,0.0
B_Gene68_rep2,0.0,0.0,0.0,0.0,0.0
B_Gene68_rep3,0.0,0.0,0.0,0.0,0.0
A_Gene282_rep1,0.0,0.0,0.0,0.0,0.0
A_Gene282_rep2,0.0,0.0,0.0,0.0,0.0
A_Gene282_rep3,0.0,0.0,0.0,0.0,0.0
B_Gene494_rep1,0.0,0.0,0.0,0.0,0.0
B_Gene494_rep2,0.0,0.0,0.0,0.0,0.0
B_Gene494_rep3,0.0,0.0,0.0,0.0,0.0
A_Gene201_rep1,0.0,0.0,0.0,0.0,0.0
A_Gene201_rep2,0.0,0.0,0.0,0.0,0.0
A_Gene201_rep3,0.0,0.0,0.0,0.0,0.0
A_Gene335_rep1,0.0,0.0,0.0,0.0,0.0
A_Gene335_rep2,0.0,0.0,0.0,0.0,0.0
A_Gene335_rep3,0.0,0.0,0.0,0.0,0.0
B_Gene233_rep1,0.0,0.0,0.0,0.0,0.0
B_Gene233_rep2,0.12609182109091013,0.06672067991095326,0.0,0.0,0.0
B_Gene233_rep3,0.0,0.08406426478847455,0.01673401575980127,0.0,0.0038420662943940437
B_Gene329_rep1,0.0,0.0,0.0,0.0,0.0
B_Gene329_rep2,0.0,0.0,0.0,0.0,0.0
B_Gene329_rep3,0.0,0.0,0.0,0.0,0.0
B_Gene492_rep1,0.0,0.0,0.0,0.0,0.0
B_Gene492_rep2,0.0,0.0,0.0,0.0,0.0
B_Gene492_rep3,0.0,0.0,0.0,0.0,0.0
B_Gene87_rep1,0.0,0.0,0.0,0.0,0.0
B_Gene87_rep2,0.0,0.0,0.0,0.0,0.0
B_Gene87_rep3,0.0,0.0,0.0,0.0,0.0
A_Gene40_rep1,0.0,0.0,0.0,0.0,0.0
A_Gene40_rep2,0.0,0.0,0.0,0.0,0.0
A_Gene40_rep3,0.0,0.0,0.0,0.0,0.0
A_Gene454_rep1,0.0,0.0,0.0,0.0,0.0
A_Gene454_rep2,0.0,0.0,0.0,0.0,0.0
A_Gene454_rep3,0.0,0.0,0.0,0.0,0.0
B_Gene405_rep1,0.0,0.0,0.0,0.0,0.0
B_Gene405_rep2,0.0,0.0,0.0,0.0,0.0
B_Gene405_rep3,0.0,0.0,0.0,0.0,0.0
A_Gene91_rep1,0.0,0.0,0.0,0.0,0.0
A_Gene91_rep2,0.0,0.0,0.0,0.0,0.0
A_Gene91_rep3,0.0,0.0,0.0,0.0,0.0
B_Gene315_rep1,0.0,0.0,0.0,0.0,0.0
B_Gene315_rep2,0.0,0.0,0.0,0.03890436113154222,0.09985623683206657
B_Gene315_rep3,0.0,0.0,0.0,0.0,0.0
B_Gene202_rep1,0.0,0.0,0.0,0.0,0.0
B_Gene202_rep2,0.0,0.0,0.0,0.0,0.0
B_Gene202_rep3,0.0,0.0,0.0,0.0,0.0
A_Gene379_rep1,0.0,0.0,0.0,0.0,0.0
A_Gene379_rep2,0.0,0.0,0.0,0.0,0.0
A_Gene379_rep3,0.0,0.0,0.0,0.0,0.0
A_Gene408_rep1,0.0,0.0,0.0,0.0,0.0
A_Gene408_rep2,0.0,0.0,0.0,0.0,0.0
A_Gene408_rep3,0.0,0.0,0.0,0.0,0.0
A_Gene111_rep1,0.0,0.0,0.0,0.0,0.0
A_Gene111_rep2,0.0,0.0,0.0,0.0,0.0
A_Gene111_rep3,0.0,0.0,0.0,0.0,0.0
B_Gene151_rep1,0.0,0.0,0.0,0.0,0.0
B_Gene151_rep2,0.0,0.0,0.0,0.0,0.0
B_Gene151_rep3,0.0,0.0,0.0,0.0,0.0
A_Gene263_rep1,0.0,0.0,0.0,0.0,0.0
A_Gene263_rep2,0.0,0.0,0.0,0.0,0.0
A_Gene263_rep3,0.0,0.0,0.0,0.0,0.0
B_Gene141_rep1,0.0,0.0,0.0,0.0,0.0
B_Gene141_rep2,0.0,0.0,0.0,0.0,0.0
B_Gene141_rep3,0.0,0.0,0.0,0.0,0.0
A_Gene178_rep1,0.0,0.0,0.0,0.0,0.0
A_Gene178_rep2,0.0,0.0,0.0,0.0,0.0
A_Gene178_rep3,0.0,0.0,0.0,0.0,0.0
B_Gene189_rep1,0.0,0.0,0.0,0.0,0.0
B_Gene189_rep2,0.0,0.0,0.0,0.0,0.0
B_Gene189_rep3,0.0,0.0,0.0,0.0,0.0
B_Gene470_rep1,0.0,0.0,0.0,0.0,0.0
B_Gene470_rep2,0.0,0.0,0.0,0.0,0.0
B_Gene470_rep3,0.0,0.0,0.0,0.0,0.0
B_Gene360_rep1,0.0,0.0,0.0,0.0,0.0
B_Gene360_rep2,0.0,0.0,0.0,0.0,0.0
B_Gene360_rep3,0.0,0.0,0.0,0.0,0.0
B_Gene443_rep1,0.0,0.0,0.0,0.0,0.0
B_Gene443_rep2,0.0,0.0,0.0,0.0,0.0
B_Gene443_rep3,0.0,0.0,0.0,0.0,0.0
A_Gene132_rep1,0.0,0.0,0.0,0.0,0.0
A_Gene132_rep2,0.0,0.0,0.0,0.0,0.0
A_Gene132_rep3,0.0,0.0,0.07541853452125538,0.06442302846035976,0.0
B_Gene275_rep1,0.0,0.0,0.0,0.0,0.0
B_Gene275_rep2,0.0,0.0,0.0,0.0,0.0
B_Gene275_rep3,0.0,0.0,0.0,0.0,0.0
A_Gene82_rep1,0.043577818541604106,0.07997537672059589,0.0,0.0,0.0
A_Gene82_rep2,0.0,0.0676387168753633,0.0,0.1340018350383824,0.0
A_Gene82_rep3,0.0,0.0,0.0,0.0,0.0
B_Gene82_rep1,0.0,0.0,0.2128805663443848,0.0,0.0
B_Gene82_rep2,0.0,0.0,0.0,0.0,0.0
B_Gene82_rep3,0.0,0.04544297076116712,0.0,0.0,0.0
A_Gene255_rep1,0.0,0.0,0.0,0.0,0.0
A_Gene255_rep2,0.0,0.0,0.0,0.0,0.0
A_Gene255_rep3,0.0,0.0,0.0,0.0,0.0
A_Gene69_rep1,0.0,0.0,0.0,0.0,0.0
A_Gene69_rep2,0.0,0.0,0.0,0.0,0.0
A_Gene69_rep3,0.0,0.0,0.0,0.0,0.0
A_Gene375_rep1,0.0,0.0,0.0,0.0,0.0
A_Gene375_rep2,0.0,0.0,0.0,0.0,0.0
A_Gene375_rep3,0.0,0.01197264166607594,0.0,0.0,0.004321605950093468
B_Gene210_rep1,0.0,0.0,0.0,0.0,0.0
B_Gene210_rep2,0.0,0.0,0.0,0.0,0.0
B_Gene210_rep3,0.0,0.0,0.0,0.0,0.0
B_Gene435_rep1,0.0,0.09850939213407127,0.0,0.0,0.0
B_Gene435_rep2,0.0,0.0,0.0,0.0,0.0
B_Gene435_rep3,0.0,0.0,0.0,0.0,0.0
B_Gene211_rep1,0.0,0.0,0.0,0.0,0.0
B_Gene211_rep2,0.0,0.0,0.0,0.0,0.0014419741739063216
B_Gene211_rep3,0.0,0.0,0.0,0.0,0.0
B_Gene303_rep1,0.0,0.0,0.0,0.0,0.14230451001375596
B_Gene303_rep2,0.0,0.0,0.0,0.0,0.0
B_Gene303_rep3,0.0,0.0,0.0,0.0,0.0
B_Gene367_rep1,0.0,0.0,0.0,0.0,0.0
B_Gene367_rep2,0.0,0.0,0.0,0.0,0.0
B_Gene367_rep3,0.0,0.0,0.0,0.0,0.0
B_Gene306_rep1,0.0,0.0,0.0,0.0,0.0
B_Gene306_rep2,0.0,0.0,0.0,0.0,0.0
B_Gene306_rep3,0.0,0.0,0.0,0.0,0.0
B_Gene353_rep1,0.0,0.0,0.0,0.0,0.0
B_Gene353_rep2,0.0,0.0,0.0,0.0,0.0
B_Gene353_rep3,0.0,0.0,0.0,0.0,0.0
A_Gene17_rep1,0.0,0.0,0.0,0.0,0.0
A_Gene17_rep2,0.0,0.0,0.0,0.0,0.0
A_Gene17_rep3,0.0,0.0,0.0,0.0,0.0
B_Gene250_rep1,0.0,0.0,0.0,0.0,0.0
B_Gene250_rep2,0.0,0.0,0.0,0.0,0.0
B_Gene250_rep3,0.0,0.0,0.0,0.0,0.0
A_Gene476_rep1,0.0,0.0,0.0,0.0,0.0
A_Gene476_rep2,0.0,0.0,0.0,0.0,0.0
A_Gene476_rep3,0.0,0.0,0.0,0.0,0.0
A_Gene485_rep1,0.0,0.0,0.0,0.0,0.0
A_Gene485_rep2,0.0,0.0,0.0,0.0,0.0
A_Gene485_rep3,0.0,0.0,0.0,0.0,0.0
B_Gene392_rep1,0.0,0.0,0.0,0.0,0.0
B_Gene392_rep2,0.0,0.0,0.0,0.0,0.0
B_Gene392_rep3,0.0,0.0,0.0,0.0,0.0
A_Gene462_rep1,0.0,0.0,0.0,0.0,0.0
A_Gene462_rep2,0.0,0.0,0.0,0.0,0.0
A_Gene462_rep3,0.0,0.0,0.0,0.0,0.0
B_Gene300_rep1,0.0,0.0,0.0,0.0,0.0
B_Gene300_rep2,0.0,0.0,0.0,0.0,0.0
B_Gene300_rep3,0.0,0.0,0.0,0.0,0.0
B_Gene371_rep1,0.12961273813046964,0.0,0.0,0.0,0.0
B_Gene371_rep2,0.0,0.0,0.0,0.0,0.0
B_Gene371_rep3,0.0,0.0,0.0,0.0,0.0
A_Gene384_rep1,0.0,0.0,0.0,0.0,0.0
A_Gene384_rep2,0.0,0.0,0.0,0.0,0.0
A_Gene384_rep3,0.0,0.0,0.0,0.0,0.0
A_Gene405_rep1,0.0,0.0,0.0,0.0,0.0
A_Gene405_rep2,0.0,0.0,0.0,0.0,0.0
A_Gene405_rep3,0.0,0.0,0.0,0.0,0.0
B_Gene323_rep1,0.0,0.0,0.0,0.0,0.0
B_Gene323_rep2,0.0,0.0,0.0,0.0,0.0
B_Gene323_rep3,0.0,0.0,0.0,0.0,0.0
B_Gene267_rep1,0.0,0.0,0.0,0.0,0.0
B_Gene267_rep2,0.05519565424212463,0.0,0.0,0.16392804192475868,0.07587486697512763
B_Gene267_rep3,0.0,0.11058596741194354,0.0,0.0,0.0
A_Gene329_rep1,0.0,0.0,0.0,0.0,0.0
A_Gene329_rep2,0.0,0.0,0.0,0.0,0.0
A_Gene329_rep3,0.0,0.0,0.0,0.0,0.0
B_Gene449_rep1,0.0,0.0,0.0,0.0,0.0
B_Gene449_rep2,0.0,0.0,0.0,0.0,0.0
B_Gene449_rep3,0.0,0.0,0.0,0.0,0.0
B_Gene204_rep1,0.0,0.0,0.0,0.0,0.0
B_Gene204_rep2,0.0,0.0,0.0,0.0,0.0
B_Gene204_rep3,0.0,0.0,0.0,0.0,0.0
A_Gene152_rep1,0.0,0.0,0.0,0.0,0.0
A_Gene152_rep2,0.0,0.0,0.0,0.0,0.0
A_Gene152_rep3,0.0,0.0,0.0,0.0,0.0
B_Gene415_rep1,0.0,0.0,0.0,0.0,0.0
B_Gene415_rep2,0.0,0.0,0.0,0.0,0.0
B_Gene415_rep3,0.0,0.0,0.0,0.0,0.0
A_Gene317_rep1,0.0,0.0,0.0,0.0,0.0
A_Gene317_rep2,0.0,0.0,0.0,0.0,0.0
A_Gene317_rep3,0.0,0.0,0.0,0.0,0.0
A_Gene432_rep1,0.0,0.0,0.0,0.0,0.0
A_Gene432_rep2,0.0,0.0,0.0,0.0,0.0
A_Gene432_rep3,0.0,0.0,0.0,0.0,0.0
B_Gene167_rep1,0.0,0.0,0.0,0.0,0.0
B_Gene167_rep2,0.0,0.0,0.0,0.0,0.0
B_Gene167_rep3,0.0,0.0,0.0,0.0,0.0
A_Gene256_rep1,0.0,0.0,0.0,0.0,0.0
A_Gene256_rep2,0.0,0.0,0.0,0.0,0.0
A_Gene256_rep3,0.0,0.0,0.0,0.0,0.0
A_Gene33_rep1,0.0,0.0,0.0,0.0,0.0
A_Gene33_rep2,0.0,0.0,0.0,0.0,0.0
A_Gene33_rep3,0.0,0.0,0.0,0.0,0.0
B_Gene60_rep1,0.0,0.0,0.0,0.0,0.0
B_Gene60_rep2,0.0,0.0,0.0,0.0,0.0
B_Gene60_rep3,0.0,0.0,0.0,0.0,0.02998286621571431
A_Gene412_rep1,0.0,0.0,0.0,0.0,0.0
A_Gene412_rep2,0.0,0.0,0.0,0.0,0.0
A_Gene412_rep3,0.0,0.0,0.0,0.0,0.0
B_Gene112_rep1,0.0,0.0,0.0,0.0,0.0
B_Gene112_rep2,0.0,0.0,0.0,0.0,0.0
B_Gene112_rep3,0.0,0.0,0.0,0.0,0.0
A_Gene130_rep1,0.0,0.0,0.0,0.0,0.0
A_Gene130_rep2,0.0,0.10969486482592984,0.0,0.0,0.0
A_Gene130_rep3,0.0,0.0,0.0,0.0,0.0
A_Gene39_rep1,0.0,0.0,0.0,0.0,0.0
A_Gene39_rep2,0.0,0.0,0.0,0.0,0.0
A_Gene39_rep3,0.0,0.0,0.0,0.0,0.0
A_Gene237_rep1,0.0,0.0,0.0,0.0,0.0
A_Gene237_rep2,0.0,0.0,0.0,0.0,0.0
A_Gene237_rep3,0.0,0.0,0.0,0.0,0.0
B_Gene318_rep1,0.0,0.0,0.0,0.0,0.0
B_Gene318_rep2,0.0,0.0,0.0,0.0,0.0
B_Gene318_rep3,0.0,0.0,0.0,0.0,0.0
A_Gene41_rep1,0.0,0.0,0.0,0.0,0.0
A_Gene41_rep2,0.0,0.0,0.0,0.0,0.0
A_Gene41_rep3,0.0,0.0,0.0,0.0,0.0
A_Gene257_rep1,0.0,0.0,0.0,0.0,0.0
A_Gene257_rep2,0.0,0.0,0.0,0.0,0.0
A_Gene257_rep3,0.0,0.0,0.0,0.0,0.0
A_Gene5_rep1,0.0,0.0,0.0,0.0,0.0
A_Gene5_rep2,0.0,0.0,0.0,0.0,0.0
A_Gene5_rep3,0.0,0.0,0.0,0.0,0.0
A_Gene151_rep1,0.0,0.0,0.0,0.0,0.0
A_Gene151_rep2,0.0,0.0,0.0,0.0,0.0
A_Gene151_rep3,0.0,0.0,0.0,0.0,0.0
B_Gene460_rep1,0.0,0.0,0.0,0.0,0.0
B_Gene460_rep2,0.0,0.0,0.0,0.0,0.0
B_Gene460_rep3,0.0,0.0,0.0,0.0,0.0
B_Gene365_rep1,0.0,0.0,0.0,0.0,0.0
B_Gene365_rep2,0.0,0.0,0.0,0.0,0.0
B_Gene365_rep3,0.0,0.0,0.0,0.0,0.0
B_Gene372_rep1,0.0,0.0,0.0,0.0,0.0
B_Gene372_rep2,0.0,0.0,0.0,0.0,0.0
B_Gene372_rep3,0.0,0.0,0.0,0.0,0.0
A_Gene125_rep1,0.0,0.0,0.0,0.0,0.0
A_Gene125_rep2,0.0,0.0,0.0,0.0,0.0
A_Gene125_rep3,0.0,0.0,0.0,0.0,0.0
A_Gene172_rep1,0.0,0.0,0.0,0.0,0.0
A_Gene172_rep2,0.0,0.0,0.0,0.0,0.0
A_Gene172_rep3,0.0,0.0,0.0,0.0,0.0
A_Gene435_rep1,0.0,0.0,0.0,0.0,0.0
A_Gene435_rep2,0.0,0.0,0.0,0.0,0.0
A_Gene435_rep3,0.0,0.0,0.0,0.0,0.0
A_Gene407_rep1,0.0,0.0,0.0,0.0,0.0
A_Gene407_rep2,0.0,0.0,0.0,0.0,0.0
A_Gene407_rep3,0.0,0.0,0.0,0.0,0.0
B_Gene478_rep1,0.0,0.0,0.0,0.0,0.0
B_Gene478_rep2,0.0,0.0,0.0,0.0,0.0
B_Gene478_rep3,0.0,0.0,0.0,0.0,0.0
B_Gene26_rep1,0.0,0.0,0.0,0.0,0.0
B_Gene26_rep2,0.0,0.0,0.0,0.0,0.0
B_Gene26_rep3,0.0,0.0,0.0,0.0,0.0
B_Gene41_rep1,0.0,0.0,0.0,0.0,0.0
B_Gene41_rep2,0.0,0.0,0.0,0.0,0.0
B_Gene41_rep3,0.0,0.0,0.0,0.0,0.0
B_Gene345_rep1,0.0,0.0,0.0,0.0,0.0
B_Gene345_rep2,0.0,0.0,0.0,0.0,0.0
B_Gene345_rep3,0.0,0.0,0.0,0.0,0.0
A_Gene150_rep1,0.0,0.0,0.0,0.0,0.0
A_Gene150_rep2,0.0,0.0,0.0,0.0,0.0
A_Gene150_rep3,0.0,0.0,0.0,0.0,0.0
